a4ef2d55-1372-4adc-ba01-285119f2a2dd|b199947cf8c98d40 |0 |
b2489376-a990-450f-a89f-26acf88614ad|667fc89b032768a3 |0 |
417073b0-a26f-44e2-8105-e9f936e333b6|6acf1fde851a6058 |0 |
8bbc1eb7-0998-4222-b1f4-05f1619c6cea|7ed14e8b4d5b3710 |0 |
0aa3e458-e4cf-4f2c-a318-849deee49f81|e049965f11d2f608 |0 |
aaf3f518-bce0-404d-8bda-fa38e2b0899c|7956a3ee015c56f6 |0 |
1eb655e3-09b3-429b-82ce-351987b4a8b1|c5480cde3555f46b |0 |
08258b53-13cc-4d8e-89e7-742611f270fb|c3608f947a50cacf |0 |
2bc72e86-30e7-411d-9c73-0dbc39e0f209|4c7cd7d5b63f5bd7 |0 |
55352ec3-caa1-4f1c-abb2-b59790dc838c|496ebbc4b8bd230a |0 |
c04884a5-4b4c-4e89-93dd-70a8a4cbba4f|353983c6210a7373 |0 |
ecb48454-f2ab-45fa-80bf-af038fb5b23c|a308e0f93e35ffff |0 |
a4481737-22eb-4903-a38e-853a537e30ef|10430f16d6d14db3 |0 |
aec85f26-0446-440a-af78-aacd8c3e3053|d6148d136fa68ead |0 |
71de0abf-1279-4d16-be07-6689aec7112b|a031af5042ef3f3e |0 |
b1dc0548-c32b-4699-942e-9f1fa29939f3|63997fe7e3b97a0f |0 |
32482d79-54f0-4a8a-9bd3-5de4bf524175|e59db4820c3a751a |0 |
205b1300-f395-48dd-84d2-1617ac90fe9d|80ce316d74bd83ce |0 |
6798fa2a-ff35-4c6a-8c2d-8662c62fe4dc|17d0691302f89ca1 |0 |
d948bcfb-1b81-457d-8b61-f13282c5acb0|c0e5a4e2400aeb48 |0 |
aa813566-3ecf-468a-abac-ab0fa30ed964|94c9947af26c6f87 |0 |
2cf33d3b-6454-4951-b271-e2093a2283a7|15ca3fbb96251647 |0 |
f134ec97-1a75-4f42-b82e-271ec8d74e5e|2fcaf28b1080c815 |0 |
eb1956bd-b18c-4bbc-a63c-103c5f8754a8|52734ebb776b72a8 |0 |
a198fbd9-9197-450a-a21e-428ddf3c3ff7|0a8678829f7a937b |0 |
4a2ed51c-de8d-438d-bb33-1a9e45f75754|c706d249990cc24d |0 |
cf6eb2fd-656f-401a-8040-987bbd96a686|f674df2ad44a39f7 |0 |
b0e94472-2015-40ce-9baf-8753df91602f|13e807fafe0eaee8 |0 |
bfc7e9d0-9f6f-4e5d-a1fd-8b2998835f51|2f20ac8b3d4dbd78 |0 |
e731e5a8-e22c-4132-aaab-50d1a3d85046|fd4e5ec73bf72e0a |0 |
eb9e3579-2975-4ca6-95ea-58e516c2dd57|ffa4d5b15a14b6e8 |0 |
c6535e75-e943-4867-a7ee-5c3bf4a5d6ba|f4168f5d52a6ce67 |0 |
93106e2f-6437-42b2-9229-02b8c572837d|94e62f0db91957bd |0 |
7e413b2e-55a2-40ff-aef0-5e9e506238f9|872b3f5c84fcffb6 |0 |
0d09551b-eee9-4a27-aeec-59c1b24112e4|1eedf4305233367e |0 |
4027901a-d378-4c9e-a79a-4d1035874403|bc5f052fa9d3b472 |0 |
289a2eae-947b-412e-a589-7b3a3ac3ed06|5aa8b0cea054a44f |0 |
6871825e-4f00-45d5-a657-e4e58ac82fa1|c063a246e5185177 |0 |
aeccd745-f29c-4f46-a476-706c0457d6bc|8477fab1d362e316 |0 |
12fae072-638d-4864-9749-88164e2828a0|e5e812a571e055f1 |0 |
f0fb2c6a-ec48-48db-b15c-1da2df0ec562|bc8799635ee21455 |0 |
664af72d-2d0d-44db-b5db-e87028d2bd39|69f6db26f776a63f |0 |
208c63ad-6b3c-415e-968e-e33deef8258f|354a96c35e1db204 |0 |
b936be1a-6230-4a1b-8f65-af595ae85cd6|046aaeb2b09c037d |0 |
39431718-09a2-40d9-b1d2-73408c138877|3d6b0c51a9e1d208 |0 |
5c1cf635-1522-4eda-b90a-ac8dd807dafe|68d64dc9da8302ea |0 |
63b351cd-5afb-4811-a8e9-5c384989bf89|f891cb4fae9f1bb2 |0 |
df4756f3-ce9d-44d5-b625-13c69ffa47e0|3b3da1b1f5774bb2 |0 |
3acc3c4a-972e-410e-bbcd-c8c81544e94b|edbacfa297898794 |0 |
8942b206-ae0b-49e1-8578-fe2359c6953e|9b38fe4167fd47ff |0 |
97fad8e3-fa90-49dd-bac7-0b07976d965f|c2a27157c478a844 |0 |
845e39f0-9d7a-4246-9b05-2b906d17ecba|7c3c1523ceb90d84 |0 |
3a2c3437-ef13-4e0f-ab3f-7274fba311ec|90d624021d5634f7 |0 |
16fdb44a-d4e2-40ee-a3b4-c2c5ad978037|d76b24c41e0cb74c |0 |
88f98d23-659f-450a-8c4f-eb41d5a9674a|ef9485de0f744179 |0 |
17668dcd-d1ec-4131-b6a1-23f574ba22a9|df57cd14766096ca |0 |
f374f6d1-7064-4fea-8ee5-14b62eae2df4|1d5a1630925d483d |0 |
0be01edb-96bd-4023-a815-f9033f38a70b|10a8d7b70db44f00 |0 |
7e8df843-fbcf-44b6-8fd2-64c5d413dd5f|2e9f6c5036a8cf15 |0 |
7ad9c1db-2888-4001-86b8-9e720dc70984|4e5e7c440aaab855 |0 |
e104f969-674b-4b05-a7b1-3b4f20b595c2|f5689b1a6100e17d |0 |
1f88bf6c-3d6c-412d-bc90-c6b1eb46438f|6214341d4d53cec1 |0 |
5b409a42-ff27-4496-b70f-d0f1f3f2e4c3|211d225838ff1606 |0 |
5bbfa5f3-3008-4228-a366-dc28f6ddf40b|5d1e628f72719281 |0 |
1c166055-e73e-499e-b3e3-818a9322e4db|7364aed0ed3b78de |0 |
a43bfd4e-77ba-41d5-aec9-34d6a6310fe7|71118c503c23adcb |0 |
b21f5f4e-eacc-4846-aacc-d2e3214fca87|ab9ebb6379e65c2a |0 |
8232cd4a-2201-4d1a-8501-61a3c59cf760|265d6e9b56dabe65 |0 |
73c053c7-0eb7-49a0-a8f1-87538abdde48|9c18fda7d66dc467 |0 |
be1631d3-e950-4df8-b91a-0e4924279171|9a9a2b05afaf7094 |0 |
e01d87f2-c959-4332-98b5-ef193305da66|203b6ced5ad759c3 |0 |
7d4382de-15e7-4e02-a17b-9b05e026b856|68070ac80bb10c4 |0 |
b777d4f8-cdce-404e-bc90-977ca3e09ebd|5e3e1339124fd4f9 |0 |
7cfd6ee0-cc45-4759-951d-cb4ae06c35ac|0cbaf26df1623480 |0 |
8fdaef26-f239-4db6-a309-7456fc67c16f|5ef1bce92482b17a |0 |
c67192f7-c0d9-487e-a314-a009d61e057e|4fcfad507f84eb3a |0 |
4026107d-b609-4864-9da8-649a3a9faa12|12dce9213a90b810 |0 |
905e924a-5122-40be-b818-1272c0bdbb43|e787e8792be2b66c |0 |
454dbfac-6eb3-4729-87b5-06a18d39bd15|983dfd5c79cbd49c |0 |
bee5aae3-04b8-4546-801f-9d174a69e9ab|c3bf48cdf4b0b492 |0 |
2d16faaf-ea77-4dbe-9f05-34c04e32db8b|aa25193846802321 |0 |
a5dde58d-c9be-456d-a77c-2763f40152d1|5b8f26c199db2d15 |0 |
a67823f0-1411-43a7-becc-69d620db9cb7|625c86a30f3172ed |0 |
b509e42d-a45b-4b76-9e6d-421ef00a4cad|7f2923e0e0dd34c4 |0 |
97989f1c-45aa-42d7-ba3d-fe4160323343|3a7118f855a771c2 |0 |
98caae40-b179-4fa1-99ae-f1cca47e25cd|56852e5c0a5cfc6a |0 |
b8ce8aec-e3a9-42fe-96ad-fed6130464e1|fa0b7576326cc43f |0 |
02d16d89-2ad3-42fd-9f56-6bc15111ab11|b88d2efbdc5d2839 |0 |
0e0e28d0-717b-4b32-8f56-748f6055857e|e54e59e35f5c6f43 |0 |
8baad019-c938-4850-bbe8-9b91561a35a9|4e9fefd89d3490ba |0 |
0ecaca56-8714-4600-b731-a3842bbcd402|97eb4b1549757163 |0 |
ceae2f96-f4f2-463f-a389-c49451711b6a|da00e57019895408 |0 |
225f0f68-6828-431e-b1d0-9c642d45bc9c|9ba55d87e56207fe |0 |
1baa08c3-b130-4404-b378-911e3fc2381e|4485b0762745b9ff |0 |
014f641a-7da0-4a3f-87df-2609408c7b34|3c10b776ad9d9e3f |0 |
3227a3d6-3771-4627-9006-198c28eb8aa1|953fcb32d2d32f60 |0 |
cf9efe8e-870f-4d23-986c-61d2e659d403|fa735203a01525e2 |0 |
0a2a0af6-973b-41d9-bf64-6e18ff90c6ff|846ceb33f05a6c5a |0 |
bfbd1801-727c-422f-9e8a-69519d552310|ba6849b50715c4ff |0 |
80a3ec58-f02d-4e1c-966f-46c9ddae736e|2997c16c163a85fc |0 |
10863fa5-1da4-488b-88bf-7b8174aa1d2b|676c9df3bcc7d077 |0 |
0f60c607-c718-48a0-9ba6-c9eb80a5e8c5|d5a02b1cf659e1a1 |0 |
6f04cba0-d3d1-4fb3-9782-c90d44fcb8ba|dce17fe8f249edc1 |0 |
72fbcb13-1af1-4cf9-a698-2f18e4e2a7ab|c5cc7dabb9d0ea60 |0 |
e75903e6-8546-40b7-a588-5d7854e540a0|c00d7135465f263f |0 |
0d832bfd-7b0b-4ba4-a668-9e3aba952657|c0de2e9973afed6d |0 |
00778159-8ed0-482d-b6c7-cb7b23dbcf90|1560bfa505421963 |0 |
b8df2cd6-4f26-4e48-853b-2a3fd87a471a|5d1ac5ed56747c32 |0 |
3764d57b-bc65-466c-8bbc-5f6b7edeef1d|cc12456597bf87d9 |0 |
f4540ad0-390e-43ad-b56c-9d62ed042aec|42d90ca28ec2e2e1 |0 |
1ba6e35f-5f3b-40d1-8de7-d4be8a29b7b4|e1928c26d1c81c55 |0 |
5c75be0a-b3a5-4796-9bc9-b67ce451b645|6bbe23b205571757 |0 |
8efaa161-bb1e-435d-ad84-d1316a4e7eac|ea04270195e85d07 |0 |
30a75223-2baa-4dd0-924a-95a2fe376ef8|3ee111ebef6233f3 |0 |
3e1904c7-866b-4c68-b0c8-c76da2a0e335|6f96d3ce536f246f |0 |
43e99f40-9c6e-4cf4-8217-91e25bff26d4|cfbca4df0a5d37eb |0 |
c44dc180-3411-40ce-9529-71cf640a3edb|7345fd2cbe385fc8 |0 |
b4cd437b-c46e-4cfa-860f-56835c139888|14ca04f625a9807b |0 |
7d170ab0-d8e8-4003-bb12-ffde703084ad|873bfcc032c245ee |0 |
d98e0bfa-08ff-42c5-af41-22ff64ea496c|2bfd178c0f21e61b |0 |
5d0e1a6d-887f-4107-a549-f3cb77b00cbc|0a7817500595526f |0 |
5bd519a7-01c7-461c-9352-eaab99a3c513|f42e6272d3931572 |0 |
d4cddc01-0e5f-494e-be2e-ed4b6c7c48fc|939e3c62d7b71624 |0 |
4a2cd9ef-1639-490e-9d94-3ec5efbd21f1|f0099ee961960456 |0 |
ab1d1778-f1e4-494e-be2a-f2311aae172a|c2894c85548d9bf2 |0 |
e0002860-4ffe-4ef7-af99-444a421be853|5ff33293bf4f16f0 |0 |
9ae7cd82-a9f7-434f-abb4-a62e59f8a972|2ad8bd1af379bbec |0 |
eaeeeb27-9b25-47d3-9768-4527596c93d2|72338b6354a97092 |0 |
745c4463-6034-4c6f-bf9d-3861ee0c7856|c791f73e849fa326 |0 |
40928ea5-c6aa-491c-a952-795772f76e49|6dafc17cb8b5afa5 |0 |
6eb8f1e7-4d24-4b9c-a997-8a9a00f6ce96|b9c90a12dee64e0a |0 |
e814fab0-43af-4bf9-ada5-e247427cc652|69993599141a9873 |0 |
db6c72d6-4801-4a75-8f97-723bbff6cc5f|3fb9be1b0ad3f489 |0 |
6e81fb34-3e44-49c0-89d0-39fde15a7c0b|a651095f277838af |0 |
712794fa-2180-47ef-94b0-197b36d33387|c422891a10f96fba |0 |
818aef74-1b7e-48b9-9b78-d88f9d814a07|a47a0daae57fbbb9 |0 |
36c8abb1-947b-4704-8c4e-965d5be6bd41|cefee3b7885b4c91 |0 |
69c46cb0-100c-4225-98ad-1a74ed691e13|eef61eac641e4576 |0 |
1a82dc37-3966-49ee-81d6-bfe11e0b8777|234923226f01a67 |0 |
fe336402-34e2-4f26-b865-dc2c3a47a834|8899a4282d999e10 |0 |
c9b00c4d-cdce-42a2-b1dd-0105f1cf6c1d|18e7bf33b8941042 |0 |
535508c5-f658-41ce-861b-f58dc03548c6|44382f53d6a19cf7 |0 |
1a27a6a6-29a5-451e-b8d6-8da707f26eec|9a835de5a6f4dbd3 |0 |
02097e14-c124-499c-89bb-8e9ea3d65e3a|dfd1167992c6dda1 |0 |
0fef5763-a7b7-43b5-8604-5c0ceb77e499|deae7681fbea1dfa |0 |
8e61e0c9-48be-4bd0-83d5-5645b6398a8a|f980bccb0053428a |0 |
e80aceb8-61a6-40be-a134-3aead544980d|d162ab7b836ff531 |0 |
17373705-f79d-4e94-a078-e4448921b946|449be928a98ec1ee |0 |
1b71f1cb-8bd9-40e3-b30e-ad8135c1996a|d4df52ea4ff34582 |0 |
9c7b063f-4a5e-4642-942d-b11db7f552ff|b4a61e4c7b1a1a2c |0 |
6fa21caf-6423-49dd-941e-d89f4f3370fe|5b4bd0f5cecf85cc |0 |
8560a490-f365-483f-baaa-968d7729bcce|ae6acf713ea2c9d8 |0 |
aeea3265-388f-4d05-834d-dc7bbdda00bc|4158af5bd5434218 |0 |
66689138-2b51-45d4-a3b1-85cc5b3dd899|76562a412e5faf9a |0 |
5b62a211-b91c-4e7b-8fe8-ef558d589cf8|3bae20a649041735 |0 |
b6a13cb2-3c63-439c-be5d-4b7c697e822e|11083a8758e2a23f |0 |
37fb7aa3-6bc8-479b-b643-8bb2320a1f02|25a7179052265a4f |0 |
c74a95eb-21b4-419c-9cb6-b53054856482|c4f3c1143e344d9 |0 |
8d3f8a21-4935-4be5-9084-36c5933e4106|fb1c27983be4bb24 |0 |
b4a651a9-9fbe-45c8-b85c-acf12a450420|5bf7b1b5a7c187c1 |0 |
c7e2fadc-bfc6-4807-ade7-a2efa605ada4|cf459afed45045c2 |0 |
91b67257-6b89-4f15-a021-4e9239e6b389|489d9964c7e596da |0 |
e87eda1a-6779-4758-b340-403dca555263|5b9163ac588ecbda |0 |
c9a7011c-7cb8-4e05-aeab-557b9d207e01|e4bf4fee40956b63 |0 |
3cea3622-d356-4575-8b79-47b8aaeab9c0|01a92acff155fb7c |0 |
4cb8301a-5216-48a1-a6b8-95ce9ae8328b|82bdf61f4c0ebc86 |0 |
f71a8b0c-f13d-4cf8-9a22-6769a9a40dcc|1c08df2cab12f8e0 |0 |
176ba8a9-7255-4c22-a0a2-99d8b98095f4|7346dacc9670fd2a |0 |
459d07cb-f51c-4526-9d93-07dfbf9c9b27|cfb96a1139da87dc |0 |
70e6ade7-6dcc-4c12-bab4-965ac2be4e81|77ccffa86124542b |0 |
8a81b216-c00b-46e9-bde3-9cd5bfd79414|e07fed116cb2bb18 |0 |
4ae6919e-690e-4c47-b651-b5e2e80efbb5|3c5e182f4fef10db |0 |
1df82a6a-c965-4e7d-9bcd-ad097bad63b8|c91dc4e2c7108632 |0 |
fd63b8b6-ea96-47b3-9176-af8a7a4dfefc|b119056aae84d292 |0 |
7ec72d9d-76d2-4e51-9576-1d8dfb882ce4|4dc0abb5ff921115 |0 |
37eea61c-e6cb-4057-accd-5571d5777396|fd96ca78ae28377a |0 |
b426b790-aebe-49ae-a67f-70b677355ee1|37ec864bc83e6c4a |0 |
77ab5a8d-4318-49d0-8a25-d077b3da45fa|a1851c51964d5acc |0 |
9dce81e4-3bf2-42ab-8405-0504f2912cfc|4a5416f9bba4d55e |0 |
05ae8824-33df-4a6d-b672-13266b8bce8c|661e0704fcfb95c3 |0 |
255238b5-b096-4038-aee9-3b41ca3ca809|1b0a950eb6be8492 |0 |
221ac667-7c7c-4098-b739-1609e2a9bec6|1fa5e51fa1e04135 |0 |
d0dc7f13-ffd5-423e-bd91-083033e36cb3|709b457d5581c6a2 |0 |
5485a990-434c-4b41-918b-242cbb4e056f|c80df41f8cab1cc |0 |
84f2a200-245d-4319-87c0-67f6b7d5ffc3|30ac8b657591f4a6 |0 |
92732822-8a2b-464b-8e44-8a132da835c3|a9fc7516767bcb32 |0 |
e09d5bef-511d-4a89-a85e-c4bafde8759b|2d999ad183b68caa |0 |
dfe0e82c-7de7-4bcc-bf05-87bb49264f27|1c7937eac118be4d |0 |
3f73f640-5d40-450f-a25c-ea676ecb0f4b|733cdf05266e26e6 |0 |
08e8ae9c-1eb2-4e0f-99fa-43077754917f|d9185b027d061dfb |0 |
8db5440e-38ca-4d2f-8e80-bd7df83a3076|49a08b37f02fffe7 |0 |
6435c0c7-fb38-4e42-87f6-800dfa6eaef5|39f533977fbd51ed |0 |
249855d3-6cbc-49f4-9fde-2a630562e84a|7cd64279657290be |0 |
aca9fda3-c948-4473-addb-d692258690b8|bc9694f4e6697b7e |0 |
67c4e4ec-1850-48c6-8c71-c34883f6d1a1|07a00559810c0127 |0 |
23439eb7-90d3-4d9a-a1c8-03d594ebf5fa|d9bcbc4a2df5898d |0 |
722399be-bf0e-4b8b-b43f-d37dfb4a3b8d|a27414a368840e1d |0 |
df40c380-10bd-4271-b7a8-c40b89853fac|5197bef4f163aeb6 |0 |
edd18096-1b7e-4490-bb70-e2850cdaf0df|12a21b993fed461a |0 |
718c3f6f-1b08-4940-a346-1c4c097b2112|e26439f711d57229 |0 |
72b9a258-2e94-4a75-8ad1-06afed8747c9|3a12a630e58a81ce |0 |
596fa134-5465-4ab4-ab96-f6afd601d6e7|e00b5d3f1bc64c68 |0 |
79b9601c-3d1d-4653-8b02-6da617c4665f|0ca5bc7bb2ff9595 |0 |
f94a77e2-7916-49d4-aff0-d94fad8b1fdc|65d00702e7a23da3 |0 |
5a02c2d5-2a37-4772-b712-f1e8f7e76701|8a6688f0d9190b6e |0 |
c6a928da-a4a1-41cc-bd16-1deded7970ac|795d658149e73452 |0 |
b112e9f5-01e7-460b-875a-aac92b79bb91|1d56cf313743e453 |0 |
0f1e8d96-5106-4f27-ba14-d7f4b2740f3f|77e0007dd7970826 |0 |
fd54a5ee-37b7-4cd0-b66e-133c44af6cd5|e8da28ce29e7703c |0 |
876cec8d-ec9c-4854-88af-a07e089980cb|2040e760d04ef267 |0 |
e88c85f3-2631-469e-a296-c0916aa55188|088dc70ae70d0595 |0 |
b01b6644-692a-4203-a170-0318d71627b3|bd35ede6113ec589 |0 |
48b50a07-542b-42e1-8e8d-c25979926f5d|a887a30c07036aed |0 |
678b126b-dd81-4c2b-add3-a0715f179186|fa86ca7c8e498071 |0 |
d9ca8aa7-8f7b-44e2-8e8b-4455953a269d|c345bf26e9ed4c95 |0 |
aab82073-a80e-4ce5-9f38-7f444a9a64fc|43767678dbe33aa4 |0 |
204a0fa1-60df-47f3-86e5-42a5c6b28b87|851b682a68c0b848 |0 |
9d866d9e-ae29-4fb6-b2e3-040f8d5be343|f1f48f3dd5288276 |0 |
ebfd1d15-c22e-4aa0-b024-09ba8c21a579|46a2ab14330bded0 |0 |
0c09a105-dbe1-414e-b8ba-066467894f6b|81702d304f317680 |0 |
317e9c6e-38e3-4819-8ce3-71ab9227acbc|eeb3c4104b884589 |0 |
8b9bc1fe-4db5-438c-820e-827beec43764|223972e50e9e6d04 |0 |
537f972e-7793-4edb-a733-929cb420106d|03c4c9f4b6e1d1ae |0 |
3468d781-8e2f-4907-8f2b-3a3813585b7d|477b510d64321e52 |0 |
7b140882-4cf7-4fa8-9dbd-f124ca08e7a1|8f1c9666cd174830 |0 |
89d6570b-665a-43e9-ade6-99783aa0238f|3048427a3c674994 |0 |
7c148c52-0c2d-4277-99fb-634f9a91939e|85f826fa7b45237f |0 |
07851d33-815f-4c14-bc38-84c63c6c5626|83e7fa61b110c663 |0 |
12a27e2d-f5b4-432f-996d-15affa969c67|b529982aa39df30a |0 |
df367998-4de6-4282-8891-f4ee92832dc2|7da5d357440b81da |0 |
13d984ca-570f-4923-a2f9-9bbc51108625|58b8790f9a28d3fd |0 |
d7fbeade-7b37-479e-8ac5-43c2f969722e|93e5f2e1f8ecbe5d |0 |
dbd12f22-95de-43bc-bbcc-c4a00502b59c|a77d70a91141d404 |0 |
d7f9f1a7-ad8d-4dbd-afb6-d45769c1c9d4|54bb66a82141a0af |0 |
e71ae3a6-c3f7-4c38-a268-441147ecd74c|67333d535ef3f0b8 |0 |
02e06d1c-e49c-4cb7-b2cd-c919e1d93e9c|8768eae3461392b4 |0 |
f5974a55-42d0-4b57-a6c1-de08a476776d|087a614e8ddad2a8 |0 |
2d65963d-84a7-41ee-adbe-476143dadd3e|6bfb0c4a9efed59b |0 |
2507f1a8-fbf0-42d5-9f24-1f0f4a2ac412|47bab140da3a80ba |0 |
bd5f3e7b-01e3-4523-926b-5ec914e4a1fd|678dbf130be58a17 |0 |
896aeb04-bf2d-495c-9444-bbbf0248c796|972dcdd410e2d78f |0 |
fb302a0f-45ab-45c8-a987-5aa73bc18807|c89cd0b510f0dbee |0 |
9de8f06d-de14-443a-9b52-e0c658aecb0e|a5b35cd31bf8c779 |0 |
64611840-cb57-4b32-9dd5-a6ecb4dd7c04|5f02ef59d63e3904 |0 |
cc14927a-12a1-4e55-94ad-812697518d15|b280907c4f71ef96 |0 |
73acb491-b4a0-4067-8dd3-2914790f67c3|50c81feb188a2064 |0 |
8138639b-efc4-41b9-bfc6-a9cb96917d69|e53a32e680d543d2 |0 |
02d03687-3a83-480a-a7d8-fec13cd27420|367cac3417bdd0fb |0 |
96330a68-9488-4717-b9e7-86bc68f4c4b6|96aa83f6e29cf0a9 |0 |
b130bc89-10da-49e8-8a21-82cd06b572bd|0d29483dedffe5d5 |0 |
1fd3d1d8-82f8-44d5-b67c-393ac138a618|2e134ad863890e2a |0 |
3bffce22-342b-4598-ac40-2bc0e2867541|0887e0ae1e6e948e |0 |
bdd4d115-0dcc-4673-bec5-d070d3abc393|02098aaf08a3e761 |0 |
2ff43760-705c-413b-b85a-7f78e6aafdd5|8a2b106e83c6446e |0 |
18a7352b-baf6-4d20-9bab-db40e8cadb02|7348b4f09eb95eb2 |0 |
3af3253d-54a5-483e-87eb-0e44137c5742|cfd041b412ee6e0c |0 |
89cf1155-ab46-41aa-9857-d30aacbfab33|43c21a1bfb2df8df |0 |
99772e7e-396e-4ada-8ea9-b6e4216cc7c1|75740bedc6227604 |0 |
9c5688a2-f7db-4a5a-9b3c-0731e0cc1447|f5def4e3a783f08a |0 |
f18970e8-5b07-4a23-b46c-d5857d23b713|b67a02d4a811b23f |0 |
588587e2-7b13-4394-b20b-d10057b7ef19|d14981c1bc99087f |0 |
0b9ce7aa-f688-4e84-afb8-ae87bc700014|ff4fd33044edefa1 |0 |
a1ad7e9d-cf6c-4c91-aed6-036c6e9dd3f9|6e3b583db7679ab4 |0 |
a1f906b2-ce4d-4734-937b-0efe86b2638d|a0234014f2d4291e |0 |
dc5412f9-5852-45a5-b4ec-f3655fc4115d|34cbfb6421c432e7 |0 |
138f5f8b-9c6c-4eaa-88bf-0318f300fdc7|009f2ab32f2d717c |0 |
82ca4791-bad8-4267-9e28-fe57de57e873|ed68188c3d77af63 |0 |
3e3050e8-a37d-485b-9866-714f3fe41dfa|8f3ff44ab271837b |0 |
aa2be8b5-949e-4f6c-b8a5-f79803e7a19f|3f36024119769d1e |0 |
27e04f4a-1c25-4527-ab1a-31b7de7b7d21|70e9028fcaa9b43c |0 |
d231d7a2-8be4-470b-b127-8da90299dc7b|a361857ae50b1f7a |0 |
cdfb27c2-1554-4e43-9bb3-984627ae3732|e24d2c778be5df29 |0 |
88775d02-4008-4491-91b7-1a999cbd483c|7b67568bdc54077c |0 |
bc2be6eb-965b-4c2f-8be9-67341a1ee9a1|fa2d5bb4f90fa7df |0 |
63f9bc72-86b6-47e5-bbc3-141f1125e810|10d826e5f84e480c |0 |
0cfa3017-25c4-447e-a796-d1d0ac9e1c65|97ec2c5a8433c428 |0 |
ea7d2f7f-1ce3-465e-b665-859b9a8b9b9b|cb81aa69bd49938 |0 |
62712c91-366e-41bf-946c-f4e122fa20e7|a27946fa32b04276 |0 |
6c20c4a0-e74d-41ff-9313-891ff4e4b7ef|33fcbcf5a0a502f |0 |
7d3c3e48-9b80-46f2-99a9-84ca378bb526|ff757fa8bbb0dabb |0 |
97a5674f-7766-4690-8b96-5700b450c4e9|43014e7317827bbc |0 |
4ea7e30a-8c8c-4d7a-bd18-6015f60569ec|952dc24ecf1fe0ab |0 |
bc756fc2-eb13-4867-bfe9-dbe102a806c4|4552a2037f409062 |0 |
2385faf4-2aad-49bd-b4f5-b1c4c208fed7|458514a1a00a5f97 |0 |
de3b1e08-abec-4355-bacd-94f335512392|4cf51375f04a9628 |0 |
f4892c0b-0b00-46f5-8919-47fc0181a3fa|53d50ca169f48a6b |0 |
d792d267-b697-4ebc-9af8-540b94118553|ad2c8281f4ee5f58 |0 |
623d975e-aaf4-4f05-98e4-e540d2b3bd41|5ab895a6c87d23e4 |0 |
8b5b81b6-94ad-4202-82b2-1cb7cab1707d|f6f1af2e11bea78a |0 |
a8fc6777-9ff8-4e0e-820b-59e8f4456272|e0e49a89e6b1f24d |0 |
279d309f-31bd-4c95-88c0-2b2403f26d1e|2df41ac6ffcd0886 |0 |
8d408774-93e1-4a99-a2d7-0d47c6c3f418|cc8af497a88e0703 |0 |
16c8692f-b232-4475-a4ef-1cc998381527|50c5df2c1c1abc48 |0 |
9c879552-eb50-45bb-9a71-2c0a681b2695|6387955a9480b27f |0 |
9515ed56-e617-4046-a627-b963f94a2ea0|05730f9c1635902e |0 |
256bfed4-39a5-4124-ab3f-92a9ecd41048|3a0c788d9cd0ab63 |0 |
cb6cacb2-b496-44cf-8fb5-e3b22b46c8a9|7733829cbf4f667d |0 |
eef81a8d-075c-4f73-8e75-13e57779d90d|4618b8d7f9dd7dae |0 |
a70b83c4-2896-4840-9e74-0fc6cf4d0b2a|6af28bc3da38e6cf |0 |
ece16945-2e64-4863-b58e-a54800a09a94|90362803d6e7cdb4 |0 |
93601562-565b-4761-bf61-2871ab0b2fad|bf6444aa89721ae2 |0 |
ffa1e448-9b1b-46ef-b62b-48c20e219886|8a0ade88b65a9292 |0 |
0109e0e0-e612-4341-af4c-dadf234ec47a|386571d248b022d4 |0 |
a375bd7a-b8ae-49f4-b529-159c154cf5da|d550a4c08ab4f396 |0 |
62efeae4-92dc-4a73-9985-2e0bd95e8e99|681ef6237075a7de |0 |
b86a89b0-d939-4ad4-9c75-d8a13bc1d0d2|1f5d106896a398f4 |0 |
61d758de-5bf3-4b13-94ad-2a16e7aa0db3|823e16ca665493e3 |0 |
37d1e830-8620-43f2-b2ea-a6977aa50a12|2b71675cf3013ad5 |0 |
a4e1a12f-10f3-4c86-aa50-2776393ef170|d116f25f98680e8a |0 |
11f51d42-b181-406d-b3e3-50825d8572de|83311980519288d7 |0 |
c0f3c999-34e8-493e-abee-5c422e660968|2b35f4c242c9d7ed |0 |
a4eb1d4d-ddb9-46ca-8c72-0c55f9ce1935|46252ac6cb87c200 |0 |
b5875fb7-089c-4df0-99ee-0e009530974b|bce0d60503b9d8e8 |0 |
0e9d544f-ada5-4504-af40-5cd66edf5ad3|1e56cc506c66f9e0 |0 |
44b403f3-5269-437d-9b64-84ea93520eeb|fdacd3a3a5b420fa |0 |
d101e643-9c02-4e79-947d-7a3dbfc26075|46ffe2b7f71ce524 |0 |
727b96f0-3895-4e85-827b-cb64679dfa51|d62e28a33e139820 |0 |
8218b3ec-9b13-4520-8cab-2657cc654832|e8189da3d77a4b1b |0 |
aad3a035-a4fe-4d07-b745-29151c9fdaf9|44119a8322c126ef |0 |
0e586ad6-0406-4ed2-a7b6-d102c6f6176e|2776ca0b5525808b |0 |
4aefbdae-38f2-456a-98ef-8d77d652c312|0f2657f3e3852f2d |0 |
1ce9e012-56bd-4e86-ae7b-e1bc7fe720e7|3c70f7bbc95f1332 |0 |
df0c12e4-9883-4659-bd1c-f0f0669b7fc1|7152ffd08ab968fc |0 |
d39346ce-700a-49d0-86ff-d0d81114e9e5|b4f694b17cea1398 |0 |
92f8f4ed-828d-4838-b0b0-336774b52b69|5aaef060b499294f |0 |
f28334ca-142e-4efd-8572-fd30845a2bc4|1cf7f06b3b201dd1 |0 |
a4b17b44-af2b-40a2-b9c0-9528819ac44f|6fa032ebba4645a1 |0 |
c6d2f04e-bd71-4796-a363-df83d1dc5d89|446eefec562c86d1 |0 |
294ef4bd-a51d-41fb-a602-e9a5863e4540|08a96bfff6ade305 |0 |
30c46e4d-67f8-4743-8dd3-6b57420d7cd1|b321cce1f4acc5ff |0 |
46d19a7d-b3f2-4b83-9c9b-61d5882b9e15|f294fd95a0bbf78a |0 |
830253d5-ed10-475f-ae60-7ee01776c1d8|e2c00428b4172ee5 |0 |
43509805-1e3f-425c-b2e8-6bba62847c0a|1456913b7d993420 |0 |
4e6eab84-f432-4d25-9720-9c2e750bdb18|9332e31ed91f39c6 |0 |
1d6b03fc-be44-4a5a-88e7-c55835d4fd6c|faecfc34cb151c32 |0 |
499b2ddc-f789-45b8-96c7-31289dcef3d9|da24fb294f3ffe1b |0 |
9e63962e-9d9a-4427-a534-8c58a04fcd6f|72503d04cd426f44 |0 |
854ec7f0-2f2a-491a-be3c-de54b9c1d2f1|b6bee1299bbb389f |0 |
7d49df54-ec3c-44d4-adce-673c7feb4087|a2936f713bd6c23d |0 |
d5bd24ff-ff60-4d10-b3c0-2ebf74b679c3|b6a47a40d36596f2 |0 |
4ab7e308-0243-40cf-9884-b945b4701c65|fd1c93d0a6d754a1 |0 |
307047e6-f1db-47df-9598-0071ec4b6e46|cb6960e1336269ef |0 |
90f70a2f-0379-45fa-b63e-60315634abe5|694bdf69d5f8e053 |0 |
6008a46a-be9b-4f94-9d38-a10137ae225c|d69a1ebf1393595e |0 |
f57565ed-0e46-4d56-a619-b63c99b03ce5|133bb06834b7d825 |0 |
7779d748-baaa-44a8-92d5-b8022891af1f|c2fe87ada8d8be9e |0 |
005b5ede-9009-4866-a08c-3404af0c87d0|7b48c5e8c9ac4ec0 |0 |
3e3efc27-1f32-49a4-8a1b-6fbb850cd754|1d5d4237561d75db |0 |
ae3ffea4-e21f-4aae-b11a-8429b50dc4e6|2b57edc682a954a8 |0 |
93a380f2-33d0-487d-a112-204a826da662|b982336bbb379451 |0 |
1e747dd1-0830-4532-bc9a-9bcd839376e1|7529896e3d738d75 |0 |
c55bb7ac-fb67-4a41-ba03-4cbcee8674c9|e785bba052d1255c |0 |
cf9ac067-4c5c-4989-ab9a-8b6bc2d8eee0|2b207a6874f4c8f2 |0 |
1ddd52a1-dc4c-4553-921f-395e9c62aaad|bf547e56cb08a7a8 |0 |
ef814f53-23e3-45d2-9219-93d7cfd13978|1d80378d703e5255 |0 |
f6065555-7087-43a1-bdd5-4bc2dd1f4eac|f48a1208b73e10d2 |0 |
27d63487-beba-456b-928c-b7578df98fd7|e5427e733b86a2aa |0 |
4fade90d-16d0-44fa-bbb5-3532dadc2002|a8f5325f81311352 |0 |
4c6cd1a2-14d2-475d-8f6e-da7c53797a19|926bcbb1a073861e |0 |
f22942c6-0ecd-456c-9b40-4d09cff6f275|49d854d7ff7ace39 |0 |
e2ae9582-bee0-4505-8ff2-2b7977385545|f53bb163e630517a |0 |
aa3fa1ed-7de4-4d96-aa17-b92411a90a18|777a8c5dc6fd8ef2 |0 |
116d86a9-12c9-4211-9042-927e92ad278f|79ec6d1b841e4a5d |0 |
24f63752-5dda-4d64-a573-01ceff2f44de|51b067653e52942b |0 |
0c0e6907-6b43-4fb1-9b8b-79ab0adc7814|baaaa415e378502b |0 |
4fb9316d-b169-4422-9655-8c8890677fc2|9f8ea5e3e167bd7c |0 |
a207a718-f901-4692-a394-f8c5607c6ce3|ff9dbcc12c85d23d |0 |
e8e052a0-2e2e-4b2d-8027-5b708bc0c614|42dc02df4bb8db1c |0 |
f4c1f7af-08d7-432c-b987-7185a32d622b|fcb6ffe83cb8fd97 |0 |
0448d9bf-0ac8-4e48-90b8-9cefabf222b5|57619e4fa5da6aa1 |0 |
8aee2600-13c0-4ab0-bedf-7337793d213a|b475bd2c5bcfbca6 |0 |
243fc300-ab8b-41e2-8312-2e3ce6e533b7|b78b1336fe946719 |0 |
f3e0f0e1-c4bb-47d8-a4da-3b2a3b0bbb48|cb7bbca79e328692 |0 |
3b268cb6-bcc5-4a41-b8f9-2229247a76d3|0a719539f718fb41 |0 |
7cdad403-2272-40c2-9fe1-6e4d50411df7|e093ae94e3caa11c |0 |
f6a68fa1-1d0d-4177-82c0-3c0b3259831e|8f02b8548c020808 |0 |
be394180-d7e9-488c-8126-d4dc10bfcb6f|ef09e0f5b2ee74c7 |0 |
1c27914c-4449-4ead-b8c0-7de3ecc6932c|6581e17f86ac81ec |0 |
39c844c6-d6cb-40b4-951d-cab68e94bc4e|e9eb6ad7a113214a |0 |
2b1960c8-dba5-4128-8076-0159881d8829|fd04d6dfc67fa293 |0 |
39ccde39-ec78-4dc1-8fd7-a4d221e4ee31|e2e35be22fcf16d1 |0 |
14263a8f-3bbc-4733-8adc-8ab05bf783d3|eb9e032237cc3b55 |0 |
3ddae0ec-5a88-49db-bbab-e32588516fed|dbb826c9c9b34bbd |0 |
e2192687-e731-46f3-9e58-44c4d78e1042|5537f7e6143ddbda |0 |
11df3f89-365a-4bfc-b259-01e9ed137070|80e4214d868bfdd2 |0 |
c2c34927-daad-45ff-995f-fcc97caa96f1|47ed88b59117b9a4 |0 |
39976f42-19e0-4fbb-a265-9a76af202a1b|73c3b563399d4302 |0 |
d228d7f8-7196-4f60-96fb-b7a01d5684e0|02812438cfbeff17 |0 |
06a18365-a745-4c0d-b2d2-9c7cb49bf8c7|ba182e83d4a7612a |0 |
dbc3708e-ae96-4ebe-aa9a-11a887893a36|3748bc641558eb60 |0 |
4b1e0f7b-b4a7-4b88-9d2f-35c92fe7d8d6|70140da4e1554370 |0 |
7ab40335-5db6-49bb-bee8-ba26b0cb4402|2e730aa69fcd50bc |0 |
e26c5473-bd2f-47b3-bec0-1bf3533045e2|5bfac7b276852a09 |0 |
1c1484e7-97a8-4a2f-ad2e-8188bcfea33e|26d4a736877cd456 |0 |
c953a24c-3f66-4b9c-bd5c-4a74476f581f|9b3127988a0d72b5 |0 |
e770174a-b95d-4971-a34c-4276574d7254|c14b68ca53ffb694 |0 |
ab77e3a5-999e-4467-afb8-c8909c40a5f5|a0b161ebe5a8a80b |0 |
fcf90699-049b-4512-b9da-dd07c73c45ad|5c7e798ebf14e89e |0 |
3d1b9ab0-575e-425f-8914-5563a8b1a711|423c25b4374db632 |0 |
2729b1bd-5078-4ecb-b016-0b65c9f0a48a|2986c5afd4be7628 |0 |
7d52eeda-345a-4e11-aa6c-67c6c00be508|46dcd594793d745a |0 |
5b1a788a-0bf6-456b-804d-32cbce6473a7|1313e74dd1e51836 |0 |
ed67d9e3-2504-4795-b561-e19e890252e3|f9eee692cce7bbc1 |0 |
0f244fe8-daae-4eeb-8752-97cc100c7ed6|ea09ffd99535ed2e |0 |
771eb027-330d-4aab-80fc-b557f0fc6533|c378c7cc01160d85 |0 |
0660a9d9-cab6-4d3b-ab48-990107d757f7|883dff67c5606cdf |0 |
6e73a35a-fb7f-4b8e-9d28-2fd6c679b7f3|39df82090cfe2474 |0 |
f0079c22-a3bb-49ee-a017-73b4887320ad|b28e9abfcd0c441e |0 |
ea0869c0-a967-44b0-8352-b69bcdd692fb|ad685c10f15db458 |0 |
5d8c1872-20aa-4475-84bf-dc329c51584c|5dbc67d90524e730 |0 |
3d35f43a-67c6-4dca-ae37-b5765f0ca8b6|f3111549860ba92b |0 |
546922b0-7340-4c5e-9ef4-38df4ed1183b|4f2fb8b233578770 |0 |
173c206f-e793-45d7-96bc-022c7991e109|7921745d3b9e7e89 |0 |
0f211f96-d7a6-4563-bec8-f47e697e6eed|540132b3421bb27f |0 |
e605db23-2283-47d0-bfe6-c087bebc6133|1c683ff316afdfe1 |0 |
9c8e7d3c-f840-4589-9a93-322172131db3|cd738a84b7a9cf5c |0 |
22ae5d13-0ec8-4b22-9abd-cd704f3792f8|bb42ee670f2b29e7 |0 |
c9d98a98-dc3b-4e42-a0af-738556475b00|0c2b6cb76eff8a1e |0 |
343143de-ac2a-47df-a1ae-f04973112d17|2bad8e52ff031763 |0 |
80845c36-8905-466a-8049-43c67fc9794d|5f7ba127c5afe7fe |0 |
85fa233a-fe62-4419-938c-377b827c7aa7|75fcc6deefaf4f62 |0 |
1a020c06-5ad5-4efc-ba37-09e71300b338|8bae69a9702cdb38 |0 |
d3c0be17-b095-449e-aa1e-e2d8197bddd6|d9f7153cbff6ba16 |0 |
3be515eb-5af8-4a15-a6ac-cd23088fd966|12a5129a96de3446 |0 |
55ce5778-7f88-439a-9c78-40c642b216ee|3a77f3c61f421633 |0 |
f62aae16-3e24-4a6e-a84d-2f8a4f709276|dbb1d91a6e06dcba |0 |
31f94d9a-4320-4f1e-bd28-ab19e2ace11d|bdc85a9abcef37b3 |0 |
7c0e4375-d4fb-4743-bcf9-89b5319352e3|93c5465e9ff47441 |0 |
b7b319af-46de-43b0-8e2b-26349bfcc353|6be39fc5b636e59a |0 |
cf42133c-ad17-4c59-b30a-759c3db2a5c0|1030d27d2c6d64fc |0 |
8ada4474-a617-45cd-9a9a-2fd4fac8592f|9a775ea85fe746e8 |0 |
5094694e-8317-40df-bd39-bdad1c162198|68bc5f805429d032 |0 |
e229e57f-a27c-4302-83ec-cb4aa458de40|1ccd65ef58833b02 |0 |
83f384e2-2066-4c97-b5a0-7f928d32157f|abebbf3f9b03ec9c |0 |
5e1a9d39-6d39-4198-9f7c-f3333552002a|44ea47e21483d2fb |0 |
f9fa91ac-9b45-41d9-8e21-ca8e7e48a19d|a87b0db8c5b50b11 |0 |
b156b91d-6a54-4ca0-b40a-a0223931d4a7|de9ef415a0051204 |0 |
edf11d62-220a-4175-bef6-1612b1c8ed68|c41e2ba3546642c2 |0 |
89afd06d-d57b-4618-85f4-513ef378c7f6|c7ea12dbdacc9081 |0 |
73ea06cc-b322-4316-906e-31e14ea11389|818f9c19cbbb068f |0 |
2eba35a9-bfc0-409e-8f32-e1a69b81f2dc|bd02388d12f5f873 |0 |
425afbdb-6376-4148-8ca1-1fd07ab530c5|0532621de14605cc |0 |
cd3c53a9-ee95-44fd-bdb8-60b72d785640|3a1abbf6c698cd3d |0 |
83ff3ee6-4218-45d3-a51c-2da7db593710|8b4743fb3ececa3f |0 |
65ffb972-3c6e-42b8-a772-8fa219fce26c|bcc94e832cecc9b7 |0 |
e910788a-bbff-4963-80d5-ce137a3c595d|af6605d83b872073 |0 |
a67f399d-1f47-40f1-8d2d-38ce5f0639e0|46c33a8b3742789d |0 |
b146e6b4-f8cc-445e-ac19-02ae9c3c5ce6|fe9b495318ff3a5b |0 |
bb07281d-d026-4c47-b947-0448304a23d1|e8aeb56d5ec3f92a |0 |
b62ecba5-0601-4970-a641-495100512d61|6286349cf1421fd1 |0 |
9703f2bb-39bb-410d-94bc-73aaf0a05be9|e40118bedfc0b9a5 |0 |
da226d5c-02b9-4766-be7b-af3eb137e345|e98e57058aad7e3f |0 |
c43cd7c6-a64c-4763-a200-0e9a04041f8f|5d0db2ad61162540 |0 |
f40697f4-1166-4ead-b801-8914086b4041|2730af93f659ecba |0 |
5bc53452-3952-4b52-9350-8edee26eeb83|60310006379e9010 |0 |
92f5b511-bcb0-495c-8a18-d6bf59fec0d0|4af7dc3eee20fb77 |0 |
15716403-f12f-4b2b-86e4-d80dab7919a5|0ff72bcc312fe838 |0 |
f497cfa5-86be-4902-b02a-ee169fc847e5|d93cb29d5e6108d9 |0 |
a7dd673a-60c1-4fc1-8920-1353773a31c6|751372603e39d535 |0 |
7afd70a7-3697-45bc-aacf-ce1fae2b9dc8|ce055a5b28f726ba |0 |
0c473f95-0d39-47ed-a207-4faae87c3e6e|1c3b3ee0643dbe1a |0 |
4868926e-fbef-4026-839f-d58032e95239|aaec6f946648f59e |0 |
a12b20da-59af-4a84-bc4a-26b04067719f|50d409ff418bd1a9 |0 |
3b89a4a8-08c8-4456-9e18-ea80568e3013|7bdecfbff0808c2f |0 |
a279b5ae-cd53-4720-afd5-0f7b85b453e6|041200b7df302f3e |0 |
31ca13ab-e889-4db0-9d17-01f4f09b5b77|a1b5d6b126bbfa95 |0 |
699ab2cf-4977-44c9-9e7a-72faf3ee0fe7|c28ee9d06f787bc3 |0 |
c7edf22c-6734-40cd-86b2-7716e3ae40b2|8d72f90bca8176bf |0 |
f9d2d876-40ce-4789-8cb5-4850c63c15c8|fdf76827f883ae4b |0 |
e52cc2c5-af31-4a88-be1d-c6f42533396e|36e6e6f5631f0d24 |0 |
af6b383c-bea0-464b-a9a4-2efde823de82|dae34b891517224f |0 |
c811d24d-64e4-4750-b426-456e7d5dd790|b3e4b6efe4eb35e5 |0 |
19c00abb-ca77-440d-821a-43174f55cb7b|e0d2247dd4fac2a2 |0 |
4f44cfea-89d4-41df-a20b-279b025acbfc|e88ef321861b8d7d |0 |
cbfacd2f-1538-483a-89a7-ba2c70c4ab28|5e13bcfedbbdf63a |0 |
a14f9959-c5ce-4b58-a449-6c37451512f5|eb7f136300f841a |0 |
d07b2579-352f-480a-8d90-98fb4d3d5100|fea08053938b4561 |0 |
c9f0cea7-7bff-4db8-9dc0-fbb5c3ad17b5|72853760410dd10e |0 |
e13b5de1-48e2-4ec6-8d81-998f2f36b6c3|a58e5d237a14f85 |0 |
704162ac-3fa9-44bb-bce1-a30932e2f3ff|186d5a2064bdb68f |0 |
63f83216-2d3a-46a3-9550-a8ecae6ee9de|ae660f8ad199f20f |0 |
66133d93-29c4-4761-9043-d54ebc83ae51|853a6fc29fe3fb1e |0 |
4720d5d5-09a8-4969-bfaf-955427a71711|4990b52ea532c69e |0 |
6fe7fc96-4cee-49dd-82dd-25605e83792b|f6364508df75dae3 |0 |
50606623-7da2-483a-bf30-0b121e64e140|830b918e463430a1 |0 |
369be2ce-4693-4276-8a85-7e622810d300|c9ef86dbbc3262ed |0 |
6dda7a1e-1edd-47ed-863f-c962841056d3|775b2dbe28dd3700 |0 |
ec8f86b5-2e78-4658-9b7f-68d01a027f8f|643f60f236e9fc19 |0 |
98f153fa-4ad4-40b8-a4ee-be8a9abf7d54|2e2f2a230469a697 |0 |
31629b45-1e68-479b-a7a1-1589e086db0b|a40b647536c84019 |0 |
c11262db-26f1-4dae-a568-d58f756e755d|63ad09d4d6dcc914 |0 |
b201075c-2c6c-437c-983c-4a17a058d70c|89dfc9fca24bb85d |0 |
73a94436-6339-4ee9-97b3-dfa6fae73ec1|ee2830358a41b83e |0 |
119cf7e0-cc61-4a13-be61-7fe3865c9797|6f2a0434b8ad815f |0 |
495cd24f-90d9-45b1-8daf-516ecec557ab|d876a3d9145b091e |0 |
d264be4a-6995-4f08-92b0-f5fd9c2c2ba8|336f35eaf0fcb52e |0 |
1fd66d55-e625-45ab-98a3-6d4cff1410b2|7483ffafa2a116ea |0 |
83d21c89-4cf1-49aa-a00b-ae367414d735|e23e75a7a14f8432 |0 |
12e4c579-dd60-494b-931e-0975c4b86104|41eb6604439aa49f |0 |
1cfb6ce8-3bb6-40de-af10-f5293fa95021|7fa5163458b4b543 |0 |
5462e1ca-fd40-453b-a97b-cb0dca9f2409|8f58a385345eea09 |0 |
c5b468a1-fb82-4541-824e-025fed586dd0|dd19aa7e0c2b1ae3 |0 |
66385f34-a382-40cc-aa54-a50a33d8fa32|c14c1d1507b0ac07 |0 |
50815823-5897-4682-8dff-9efe12d8cb68|4ca2c43bced08f44 |0 |
229ef919-7b09-45c9-a2a3-6a2c49723c24|1494750418ae5a61 |0 |
a8383cd2-431b-4b8f-88dc-edaa2076a0e2|829aabf5b3eda8ae |0 |
39ecb736-7516-47a0-93ea-6bcbd4510e91|2030dd23a2e68e90 |0 |
6defade6-f98f-43ea-95d1-c9cfed13f2bd|a0804ff6a121f481 |0 |
4d5d2a22-8935-4c75-8c4f-3f0f7c4be775|06cad8df7b0e610a |0 |
74c1f7e0-0c84-43db-adbc-19465b2f9a2b|b8213c558906ab15 |0 |
88d10807-a99c-4bba-93e3-42000b5e7a57|929b474ced91fddc |0 |
a872bc80-2abb-4088-a7e0-eea966a54127|f98ac8e91271ddb9 |0 |
b412291c-3310-4774-b836-caf627038506|8c2230262e47e5bd |0 |
ba995d79-321c-4ed6-b99a-eea45eb3eb8f|fbdcc58f20c58870 |0 |
3aedb50a-c718-4966-b3dd-88a472d83975|c9c918b14b89c367 |0 |
c8f61d46-b28f-4630-b955-5abf2adf8849|533edc42eb4bd8a1 |0 |
1075b152-8c7d-4b76-8c2e-815329e18088|3999b09b6dee9e45 |0 |
4f455b3c-62d9-46ae-94c5-d92c2ae06757|c83655ed6b40b004 |0 |
6ea83785-121b-4059-b26b-b41ed8056ee4|a723e453faa613fa |0 |
fd25de3e-6999-477f-a7b9-e5e65b4cce1f|23d6c4067686ffa9 |0 |
a312bd24-2c5a-44ca-9922-533b5d3d3635|1e4298626194f2bf |0 |
7246b4ba-0aa8-4c15-adde-effbd97bfb92|a4a6f8b096f9d276 |0 |
3722d13b-2663-412a-aada-71c4f28cdb9e|ecef62f8e134a2ed |0 |
803297eb-1cdf-4e10-ba91-1b3960bf24c2|b635e2bf0c53a501 |0 |
bb2a4a7d-8e8d-404f-9b01-d506d62a26cc|0752d520ac0d72bb |0 |
b000a7dd-db51-4ba1-847f-91ea7bb00e46|50d60e294c72c6b |0 |
53762dea-327b-44db-9bad-aeb59523fb5c|862e661c43184176 |0 |
77d0a3d4-0453-4997-9324-56a663f63845|b29b405662923656 |0 |
8ee48bca-023e-46e8-acf7-1d0d29b59d70|a9b04c8fc29efec9 |0 |
e966f3b2-bc89-4ebb-8c15-1b5c895e7ceb|4c3cd9ca8d608b7e |0 |
b7443f60-fd59-4c66-83a3-3f8fbb983751|62008f1fe772276d |0 |
41c1b978-9ad7-4ab5-b520-b292c2a7a616|424f20912849ec27 |0 |
037eead9-03dd-4dd3-80d2-cb8b54f75990|7a360e8786f7098a |0 |
765a6edf-2924-4348-9ea7-a2729bd9b40b|30815b0d7e0404f4 |0 |
d3791d48-4596-4fbb-93e5-4c0299ac43de|9354e2f2218ecc83 |0 |
2353acb9-3d3e-4a2f-a56b-3d70cb7af8d9|fda366f5bfdaa30b |0 |
bc8a3291-aca1-4d46-b1f2-2b624be2667c|efb3554791781dcf |0 |
7f770190-2d99-4cb2-9589-e39f7f2c69ba|cf4e9748fc62db73 |0 |
e4f97be3-62c2-42a5-a183-3556f85f4f41|61969d01165dedc7 |0 |
a1381050-a1af-441a-a137-01eca81b0dcd|5b5a83a7e16df939 |0 |
af985db3-28c2-4aaa-bf88-ef51c24f116f|7e59fc3331b834cb |0 |
11fffdcc-c17a-4906-99c7-bc4c1573da62|5545290f55238887 |0 |
bfee596f-e7b3-4f3a-9595-ecf71ca079d3|e7bfada173136e8c |0 |
b91db436-6981-4545-8c8d-6cedf8f2be48|2b2c51e97fda2a3a |0 |
e92d61a3-b563-4203-8db6-8f192550204e|231766c40de12401 |0 |
2065e0c4-9347-4849-8f33-9e1787618ab9|5d5870317c9147d4 |0 |
9d8d6324-377c-473a-9770-4b677026bdd0|dde9e13ca79a55e7 |0 |
4e1d45f7-89e1-45ae-9613-156942e665d2|1e8bad738aca4ea |0 |
4aece325-7cfc-407e-95af-95d2d6c095d3|d4cb53151ebae893 |0 |
fb6ef54a-9362-46d5-a312-bdd442334285|ded5cd76ac2d36fd |0 |
57a102b1-d213-4565-aa4b-a4280e90f9b4|8cb95e428eea20b9 |0 |
3d399960-8ab3-4ffd-99c9-4c124a44c6ba|324d60f1bec74a01 |0 |
1a2ad2ad-4274-4ec7-b47d-7ee61f86bd12|e553f3a095e65de8 |0 |
0ffac658-3354-4425-bed3-75e1ff555ac7|c3b859425a0fca3b |0 |
27d6daff-9dcc-4152-82b5-4b55acfd37b8|8d26ef39e63e65b6 |0 |
b5221a7b-ca8e-4ce0-861d-58697fc163c9|f830f891c59e9e01 |0 |
dcad9804-1b3b-4b6d-af4f-45fe54b278a8|9d3e5a24c597b4be |0 |
ea3f8897-3903-4143-ad94-6d913700e243|1ef7aba0eb2e7659 |0 |
32147f99-5b72-45ff-bf0d-266964bcdf5a|b6ad01f96a810a7d |0 |
610ef565-24ee-4f77-9209-c53fd2244191|f2d50e3276ceb349 |0 |
92744076-a3cb-4ea5-b416-87d9945c984a|a64e5961e4a00836 |0 |
670b7743-744b-4282-8fcb-bd0b59d65698|ebd59fe5b88c7994 |0 |
ba1a1f1c-a427-4df6-b7e6-b5e508cbb6e5|c278343a4bcf3d93 |0 |
fd03108f-a962-4fe3-8ec2-1214b297975c|52bf1ab7d4fdcdbc |0 |
906ea985-c617-4327-bca6-850729dfb5a7|0fddf1f13fd563ca |0 |
c741800a-3c33-4998-be3c-7936e6a55b1b|3558a662f4b6cbb1 |0 |
14d15318-60dc-4ca1-a12a-052e291dda75|aeab869544862c53 |0 |
2e5ba65d-4064-4308-a77c-da92c2a7e7b7|c6960a6cdebca566 |0 |
37d11e67-6f58-49c9-9f5f-9dbfd0189bf5|69866e502887ac54 |0 |
3a7dbd1b-4fc7-42e9-95ca-2820b141d6f7|99e0130df43fbef0 |0 |
053151c2-2223-4f53-8c5f-5aec1cd8db51|e83de1f62b922a2a |0 |
b40662d8-ea42-4d3f-9265-de09808dd168|371ff149080acd1e |0 |
86c0ffff-c2f0-4f2c-9e50-b4b812b8e81d|14b37aeb1472976f |0 |
c4852351-b6aa-4c85-ba58-32242c77e58a|d9b196d110ce9f7b |0 |
94466934-52b3-4f76-a8ae-8d24c12a0b41|47ccc3cd652bbfb0 |0 |
741b7f53-77dc-4f74-990f-2d55426b12e3|2d4839945cea9d47 |0 |
c493bded-82a9-49b1-b431-8efd1fe09123|cc5f60edb4bc4eaf |0 |
5dcc730c-1d4b-4788-ab07-b64db85f66e4|86b220d60c402ba0 |0 |
50479cb3-b794-4787-8393-70da4828a938|3727a7029b68138d |0 |
54225b40-a408-4c6a-82a1-e46718121954|8e020ea6468b8ee4 |0 |
1c2783f5-d205-40bc-9902-3cd847453227|d3180c1d446f41fe |0 |
e36083ea-3dbf-42ee-b5c3-e5bdce1184f6|8bcc5c18cc6f51b0 |0 |
dd3d4f8a-5896-472a-b1f8-4d1ae40100af|e5ddb943f194fe70 |0 |
1242226c-7ed4-49b7-a2b1-6c268edeb00b|50a9e3489bcb2e01 |0 |
6940545f-62f6-41ce-9409-d12ba906d7e2|617e8caf45d635a0 |0 |
5fe7651e-37d6-49b2-a204-934e123f5c93|e38af192b2f8c595 |0 |
925b1d49-deb1-42ef-9204-c5ea4766f634|ddd2e8f4bfed00bb |0 |
3be52474-d4df-4984-9506-3adcd40fb41b|198b6fedef88a858 |0 |
50ecf276-bd84-4cb6-86e3-06a48f8b34d4|4d4f74bfca6ce7e7 |0 |
03a42a00-07f1-42f0-81db-90b7e5d9232f|67fb962dc6a1e432 |0 |
bb629c72-9c4c-4033-9bb8-ad21a8e1b1b0|57aa8fd893f3e977 |0 |
2e09aa24-3234-4d3a-b2bd-e3c726d1e2d0|bbc42e878d83083c |0 |
2ac1f55b-ac20-4975-a990-ed0d38df98f2|2c893ded0442aa36 |0 |
657b0777-9cf5-4d7f-9175-c395d1cc7c09|2d99c196ebf510e0 |0 |
eff68897-caf6-4bf7-a6b7-45ca800f354a|0ed386843f25897a |0 |
fc5ae1e2-8494-42b5-8da4-3ec25df4221f|2e39f5db2250e321 |0 |
6998701a-3d6f-4674-a5d0-d084ff95ab75|1ce1e29c2ba5d8c3 |0 |
a77abb2b-d8c0-4139-9346-cec1a3660d96|76474a1c363fa36a |0 |
3883d483-9390-4725-bb5d-8d44d25de410|692929ead1f1a0e5 |0 |
e80bbd06-6f58-47a6-9075-b565b1db577e|5163835bc133beb |0 |
ea49f9e9-8b78-4550-9dae-322cc73f4b96|9feb9df74f4d211c |0 |
eb1dbbb5-3b3c-45c7-9fe5-d1050c7eaaa0|7945c618c03d5aee |0 |
f7b50528-7d19-41df-8d8f-df0799c0651d|c661a011c94863bc |0 |
55c35ccb-2ec8-4a72-9683-26e4734edede|4f74684bc2cfd98d |0 |
4cfc2e33-e13a-4b23-92eb-9382907665e9|83e85de6fc3e6404 |0 |
fe707043-d718-4f4b-9039-edac998aa7aa|308acce89f37300 |0 |
14a5edad-9b83-4d07-8fa1-889c80bd01a3|339e99aedb091353 |0 |
21e39a88-9229-4028-b8d4-3027f388ae7b|9787cded93682837 |0 |
ce9a80b4-5cbe-4983-8dca-b1c60df97b79|27ead707dfdba491 |0 |
fce3d5ae-ca9f-4a5c-9ba1-0c3593b2c6c0|4322b3a727f907e3 |0 |
d95a469a-4c06-48b9-987d-88149ce886e9|02a27ca2507a3059 |0 |
706a5bd0-0b8c-4eb4-83a5-02c5faa474b5|8034744dbfe95990 |0 |
d527d1ae-3e86-4242-8e17-79cf225307e4|c06cea8076288cb1 |0 |
00478254-c910-4017-8c8f-c527b11970ff|df7a5420d3c23e23 |0 |
f50e42e4-f496-420e-99a8-0bc29df93eec|6626d6a399552ac9 |0 |
37f6bc07-b8cb-4bbc-9ea0-b895e6835114|001bd9ca85d2e753 |0 |
a560d23e-b3e8-4751-b459-f3333696213c|1e9ad6124262687b |0 |
f58bb597-6248-44a8-bcca-79c9c42b65c2|be917c4bde7fdf75 |0 |
b7377dde-9c7c-49ff-8c72-9aec791d8dfa|b8d568e4994822fc |0 |
32c318e2-564c-405e-919d-d9d9c60289d8|2c7216b072525c26 |0 |
393ef42e-ebe2-47e9-aef5-d2914ab54dee|9f8bdad896b57792 |0 |
1c374d12-e973-4fea-a772-d1912d29ebb2|5de2bdd16bacf7ea |0 |
f1e73838-234a-4b4c-9020-def602402e60|5c5ca7957df23057 |0 |
f2b17c78-6e50-4f47-b5d3-e1a82f531c5c|b8ef99d8cb8b94d5 |0 |
36328bfe-38ea-49b8-8381-244c3f89465b|4b84d7b5ddf5d62a |0 |
ca76f8b2-d7a0-4dee-99af-863c69814875|2d190e415d0d2a7f |0 |
91f0be20-ca6a-43f4-b272-61a8d2d5a1de|3020b7b5942d335 |0 |
6169433d-3e32-46f8-ab36-92df0443b8b6|3c6a12b4574cef59 |0 |
5ad969e6-b4cb-4803-aa26-01d68310a4de|6d2b2c7f47ebea88 |0 |
f6d4deb7-e260-40b2-8f09-24d49d0acf8f|e3313fb63a1465d0 |0 |
d1fe5c3b-cf05-4f6d-a07a-a2bac91cc6e2|fd61c102101083ae |0 |
463f677f-635e-41e7-966e-9453cbebbe21|ff5a9423c99cf720 |0 |
3db361f6-45dd-489c-9763-3a1bf795bf08|c27581a096effafc |0 |
bc262947-5d22-4237-b6bf-a880184d2c36|f12a6b9fe4d4f8e4 |0 |
deb8520e-dcd9-4b74-aa45-d1aca9882b77|946d1e86a96d9de3 |0 |
4e21f082-38f9-46e8-939e-351a209a59ee|40fdf14cd5ce22b5 |0 |
fb9dbd90-d1fa-42d6-808b-672e5fbfac42|b794039a27332b11 |0 |
ba493b06-8615-4707-8aac-ad25e69191aa|ac49724d21a90bea |0 |
65f986e7-8f98-4514-8677-91bf02dcda21|aa61d06451062cfc |0 |
e63e0ff4-0858-493b-b775-933350d5e815|681cd6493384d2c |0 |
c963e0d0-de00-4cd2-a329-3d0999f76e6b|f6c90e06b4b06c8a |0 |
8d428d92-9cc4-47d3-ae50-f0075ddd51b1|78c67fa1c1ee7b21 |0 |
9c0c51fa-2cb5-4703-b164-8772d9b90741|cd4a1caa49a9343d |0 |
c6e5368b-13a1-49c0-842f-f6532323e9f6|6212190ff99ae138 |0 |
c1218cd1-fd18-4997-b2bd-4a4824a5c122|6e248e0992c7c476 |0 |
937a7bdf-6cbf-4cd4-8242-914cdd59ba69|68790c2e00bb4245 |0 |
1f5d78f9-94c2-4adb-be9e-8cc775bccf3c|b3efa320d2945fb0 |0 |
ba182112-001d-4de3-aedc-31376a1bb29d|6b7ae34c757d4dbe |0 |
193de82e-45f7-4692-873f-9415219434ca|947f78a93970ea20 |0 |
16dfc96c-c111-4336-a235-909aca284dc9|bd95a585974acb11 |0 |
f1598967-3b69-4cf8-9626-a982c9e54cd8|2e9cb1484490dee5 |0 |
8eae8de0-9591-4a41-8378-6127f2c7ebf5|e557fcd335a4b7e2 |0 |
8300da98-e0bc-433a-a19b-6dc3d7202b85|a75fe975e26b5a9a |0 |
e834cd1b-0e92-433b-9df7-857f915c1f32|245bd4adf0b05232 |0 |
881e5fcd-f337-4169-962b-ec0845019f21|222398190ada1a0a |0 |
4e1158e7-149c-4936-af46-ee997dd20f2b|067f59c7397fd8d0 |0 |
394a5f8f-3b32-4fed-90c3-eafd15050c00|45ea6f6de94c7136 |0 |
34a4b28f-8b59-4a2c-af2d-965a204ff1cf|2605d5c4e67793a9 |0 |
acc6e530-5720-47c9-94b5-5cc3ff5b1839|9d547351379d27b9 |0 |
9ff626ec-39af-4e9f-a423-ce0f53db6afa|b0a30ef1f9612515 |0 |
65502471-924e-440e-ac7a-0fcd91cf57b2|9ed79720e3fb9a19 |0 |
79b2044d-8da9-45d8-8968-dba2a1fe8db2|3b908e64cdceb869 |0 |
ff94b30d-f0a9-46f5-ad44-1a1f5e1a5d61|a4909f4bfed03b42 |0 |
73776966-4013-44b1-929c-fab4fae6ac5a|d07c6a5a404c75ad |0 |
eaf06cfb-fdc5-4fd9-8264-de0126777f61|51e9cbf7d7fda03d |0 |
1ceac7ce-f861-4510-8e21-719f38906320|83bb88cc1f5d47ba |0 |
3161e177-ae0f-47ab-9def-840a59d6d4cb|27daf79035415f9b |0 |
fc0be156-7ed3-4a14-a409-e949819ad4b6|1cec0f8bdef40201 |0 |
5ef67a0b-0c1c-4a3a-bae3-e9fa9f9f301b|454733cfcce16209 |0 |
df4aea76-f1d1-4c92-8fc7-372809a68afc|e8fffd8db045f9ca |0 |
faccff6b-91cc-4ba2-bc42-cd6e127289f0|4f47ae5d3703888a |0 |
4c57d397-4cf1-414c-8dfd-9c2045e009f2|ed4e0066a5f6c0e1 |0 |
7801a14b-18e6-44bf-8594-c8264439591e|2e9214655328eebb |0 |
004d466d-2fa1-42fd-9a60-014112807e6a|d73d0965fb4b8ba2 |0 |
1dc438cd-2c2f-47d7-a5fc-e752684819be|58a7a96082287e44 |0 |
bc567783-9b18-4306-b849-8d509cc9020d|7e97ff9b3d6603c4 |0 |
b84ed141-13a9-4af1-84fe-3644be176821|678c85cf8c656832 |0 |
3edfb1e4-a676-4992-ad33-ac509e3c7bb6|746c30fb584fa9bf |0 |
d3b5ed5f-f5d0-48e6-aeba-3944d1b7811e|070f98c2ea42b6a4 |0 |
67c950e8-2eee-4043-ac11-c66e2f7fa330|25cd79859d6d354a |0 |
10ca985a-93ce-4a13-aa02-8d240d82aff5|07090341681c5e13 |0 |
afd18a87-2775-4c92-9ca1-c51582bf6801|0802ff454c000ec0 |0 |
6b980ece-2805-47e2-b1b4-fc12f063c72d|ef9814a6596b5878 |0 |
8f5b7412-6b44-4eb0-8c1a-d31a86f7fa63|c0d93af6a526a0d3 |0 |
9bd3263c-9f4f-4040-9a07-ae4678757df6|237ed0af3286740f |0 |
7be55f7f-8be0-4a1c-8de9-fbb7e1dae292|24d4da5500426670 |0 |
52a623e5-b2d3-47fd-82fb-77809ba193ea|94f02e01fb3c4ff |0 |
e6e72e26-bd70-47cd-afc4-94e0402f0648|3e1f88143f8278f8 |0 |
3af7db1e-fadd-4d5e-969d-8287157dc30b|e5f2493702b51103 |0 |
096efd12-04cf-437d-b78d-379154a608c5|4379dda1d454243f |0 |
009e48aa-54a0-42c3-a13b-d26d586e5104|2916faef636c7eb5 |0 |
7d5b7a23-a71b-45f8-b40b-ab8b5e9b3b91|c6b7a284abc0ca2f |0 |
b54cd584-bed4-4ef2-986e-9b38bda74ccf|1866c607060bacb9 |0 |
5931cfc3-4a23-4751-a0cf-380e2b075f80|3d71a021d8ab09ad |0 |
33a9ad79-42e0-42b3-a844-c9cfda8b5041|7a253501003936fe |0 |
9cb7186c-5598-4235-8f9a-cf6892e1bd89|b8bad4808bfcf054 |0 |
2a745b81-ffd2-4256-bad6-455abc772a9c|751b9239559fa21f |0 |
e1b968d3-ab80-4b9b-b691-48d147a3387d|5b15cf4228cbe5b5 |0 |
180dfc29-c5e4-4729-b400-015952ed74d8|61952196602bd029 |0 |
9a7d93a3-f3be-4ce4-9f6b-3a1565ecdef8|e502f1203e3750ba |0 |
094f7894-a5c7-4ae1-a86f-cdeaa4410eea|ef416b86f0c89b8a |0 |
284175cc-5a7f-40ef-a1b4-db2cf1364058|e6bae4c28d917f6 |0 |
16496f1b-5822-422c-bff5-087794d81ef0|7c3d6680631dc730 |0 |
63c46b24-612b-4e0a-b2c2-659589f7e2c7|21a5bada058583f3 |0 |
067cd45e-b164-42c5-a3cc-91fa8b099b62|7799252e280f2b84 |0 |
becb2571-af3f-4f47-955f-68a2b111f236|3f38d07f3536bf85 |0 |
71152256-82fb-4375-8f2e-7592c5a3197f|90c969e75c024d42 |0 |
67aedde5-7d42-4d2b-8334-cc91b1c146a1|40ba4b79694b9ce6 |0 |
dab4d58c-e58c-40be-8356-0a13ed45cd14|c799f390c51abae8 |0 |
3f4d727c-4a37-435e-80d7-fac01e07f830|7579d7a3cebb3593 |0 |
d8626e53-3305-4253-be33-a2ff92b88910|6020cc2f6ec5f0ac |0 |
4ee57076-782f-4dee-a139-c5b401725a46|fb0101da6bcddc0a |0 |
c55e5a0b-fe1c-450a-a010-2e7c5da9b807|cae8ec43613630cb |0 |
5fd15e88-fb24-44d8-9505-95d67bb966c2|2a4ed1d95a82b76b |0 |
a5134916-5df5-43bd-a2ec-56d666cd2d07|c3b98ec88515bae7 |0 |
967190da-621f-4e1c-9680-afd2dc951fd8|aecd39d2f12c7cda |0 |
fe6bd2c5-c7eb-4726-9a65-cd1c0b253d3e|b56584095bc59623 |0 |
28e51bc3-99ae-4670-8d5a-f2b8ddf39e8a|0e08ad720a38472e |0 |
8a224e61-3b23-4c96-9f95-beddcd3b8d0b|fb28a3f09d0e4de7 |0 |
646a27bd-b268-4489-a824-9ee7c79d29c3|a865eed48686fd5d |0 |
afc6a708-4adb-4cc0-b156-e193b954574b|eac73249ad0d7422 |0 |
ee94574f-5fc1-4c53-a4ea-ea65ea105aa6|3be4eaaa04b8c8af |0 |
9c854692-e46d-4856-abaa-7f3000afb8df|777cbb620f434dc9 |0 |
6ee688ba-7e6e-42c5-a442-ba7ef1d799ee|416aca2e6823684 |0 |
5db447e8-7585-42b6-ae83-c1e7209f8df1|5100f8992b19149c |0 |
46eba083-0e34-4b13-9780-a66ae38c75a8|76e87944afb5c584 |0 |
22414b8b-f6ec-4013-97fa-55bc8ed70ca6|da521e41ee2dba53 |0 |
4108c68f-73f6-4058-a0ab-ec60b15f6bf2|739ff9a865aca5f4 |0 |
2a07d2a2-1faa-431e-a16d-3e94f3c27d34|57d626d10bc8589c |0 |
b499c7ef-9c38-42d0-9459-8f5b79429496|ba667e79a345559 |0 |
11f33bf4-7821-4222-b668-198b1d46f9b9|d15ae586f0bbc1c1 |0 |
60d1403a-b454-41ad-95ec-64fac7d65cf7|97005ab2567ae5f7 |0 |
a7810e79-84c9-4408-8047-d3bc9b2571cf|6ba21852bfa044f9 |0 |
20a37e98-3bb0-4d6a-b692-975c34871492|968c8e0ceb455384 |0 |
cdd4f516-1b8b-4a6b-9dc4-22459fc469e5|52390a31318db4fd |0 |
c74818bc-f650-4e6b-9b3e-e2ab18c44d16|a2c76e01494b40c |0 |
408c6ab5-3d67-4f97-a3eb-8384d3d260f1|2bcfd53aa085be6f |0 |
b3042ee1-2929-44f4-aee1-f474244fbbb3|2f4fce3ad353181d |0 |
8aab999b-f405-42a3-bf40-a8da81677df4|a1157ec9e4102e3d |0 |
223d5cfd-af24-4d79-b1d5-44bd8945eac3|36b0ff3177faad3b |0 |
2f984505-59b8-4934-b86f-9d0a9fc988d0|c4be19a897a38176 |0 |
5af9cc86-02bf-47f1-a6a7-544857563443|0ebeaed24f4c541e |0 |
897bed7b-ad66-466e-847a-82c0c3ee8a5b|fe8fb2a0bf918a4b |0 |
a4aa81b5-ab15-468c-a4fd-ce89f88072a0|d9205014e57b2234 |0 |
49d71f3a-353e-45e4-aaa0-f21460d86d74|b07a63d035cb8ef1 |0 |
7d759374-8d76-4cdb-bdf9-b7336dbdf77c|79dda568fb3b3609 |0 |
8461c1fa-126d-43f9-b1b9-fba2d7fc4079|826ba0af6a304154 |0 |
2839cfc2-95e6-4a18-8c70-be002a711739|6cdd6a440a3bf2e7 |0 |
71495da2-8bb6-4cc8-b4a8-601f3d825765|af9dad49e19db77d |0 |
cd0a3acf-bd4c-45c3-a575-b34f81c13711|7465d9ba7246d498 |0 |
bf72eb9e-1f76-4ac8-aa55-3e35a9ed7713|bf61d2baccbc44a2 |0 |
4a611ea5-c6a0-45a6-8097-1984f5d85c93|f7aa6b0a312dc1f6 |0 |
c811b67e-0b3b-4ab2-b975-0155e8fab22d|292320473ad1e19f |0 |
206ea906-5e00-4694-8234-faba0b37653a|9cb741a942692bfd |0 |
37396eda-fe98-428d-a1cc-ec6af76ae1bf|3807c0c2d67fcf2b |0 |
efc01d8a-f281-4cd2-8d48-a6e06aea1f98|4c51692a3a6efafc |0 |
b0c71a45-00a6-4b74-88de-8215dc1bb0af|f9c13a92bbb04299 |0 |
01728fa8-83d9-477f-bb92-f15a31ffebfc|59d4a3bf33135607 |0 |
e9585a14-4375-471c-b2f2-1cac3795b2ff|ceb292525793cc2e |0 |
008383e7-bbe0-4f63-9cd4-893f750a2b41|a3a2c8983bb4ec2f |0 |
3b178aad-ca9f-41af-94e9-560869af0076|746e23b20d1b125e |0 |
de25cfe0-a4fe-4d40-8320-6e01cef1de82|dbae0946853b1469 |0 |
dece7674-e3f7-49fa-81a9-602cd62fc837|aac42471d8570c69 |0 |
26487fca-ddba-45fd-9afa-31de5f89b70a|1f0f422650fb09c5 |0 |
80931b80-24fc-4585-95cb-b5e9b4f027b4|d18fbbbb262926b0 |0 |
2cd60bb1-5f12-45ef-b0f4-76964af22ac1|35befe041c4c15d1 |0 |
9f22ce56-6759-4148-864e-40b5be9fd094|5d1a7a3f3d946969 |0 |
fb97ee1f-0d4a-49da-818b-20761d349eb5|ec767c17e4974f01 |0 |
60c8898c-6139-4bbc-8a7d-fd9e12770f0c|3ff9ef5c6a7f7913 |0 |
a40755b2-f488-4f18-baa7-c8dc421802c2|8071b2d89236fbbe |0 |
aa0bd29c-3f1e-4f1e-ac1f-4d5ac47d42a8|55d264225849dd94 |0 |
401d73c4-171e-4d14-a2e3-d6951fe5aad6|555c850de43dce57 |0 |
3433b81d-b083-4bb8-a7d1-94e866902027|3bd99886fcc3ba4f |0 |
33257a12-8286-4fda-87a2-49cbd3a82836|6c2c43d242fa217d |0 |
63e78849-8087-4d70-914b-cd47a7a1121a|f47b55e0c639e92e |0 |
a65753e2-e234-4797-8c8a-a0cf8daec9df|959ac8661a39308d |0 |
2940e825-6dfd-4b05-9616-67035dee653e|093e146408c1b3c9 |0 |
d39634a2-2f59-44fe-b0a4-0b51853e5a52|d8f805fbe846e5d7 |0 |
a0ee1a19-a91a-459e-9e5d-68af9bd26cb3|92d95182bfba782e |0 |
1e33c78a-4006-497f-9a22-fb91812f13fc|da85d79c06d35fea |0 |
bad530c5-1092-4f94-b3df-0f163d111deb|50f7a3b1783d1c83 |0 |
ebbbb692-24e1-48e8-992d-916d5c2fd252|a2ab02974a01786b |0 |
b207930a-1d6c-4fcb-9e45-325aae9a95d1|af470b211c9d254b |0 |
53b3e65c-d1b2-419d-932b-5f6ec75ea438|1073b5c8ef4d2184 |0 |
7e6cca56-5874-4f7c-9771-ad3f31ac089c|d0cb9d4ea614ab9e |0 |
f70a36af-46d0-4b25-a8ab-2297250f331e|71eb2634419dee53 |0 |
685934b1-5ba1-4c75-a946-c78d57978ce2|8abf9a9166daecb2 |0 |
b7ea9150-e885-4ef2-a5a6-82a8c4bcd3a7|101582e34f1649a1 |0 |
fbb9f894-578d-4454-9f4e-8be6941d85ae|97171d2946aad12d |0 |
b5bdd00b-0b5b-4067-9682-dfffa51be555|cb1b5da029326160 |0 |
f357c5a4-2e4d-40ba-9194-259fc5007170|ccfca7eb67518393 |0 |
f4b85dbc-e7ae-43e0-a193-22d82221036c|26a95198f46ceec4 |0 |
f4bd37e2-f48d-47e2-86ac-d9d50e74e7b5|f7673a3ffff6bf40 |0 |
e00026f4-4754-40e2-8314-a81324a5541e|a1bcc31eab8e092b |0 |
96c1badb-4021-4173-aa56-38e48f3a18f0|4b9541d43aa77486 |0 |
b685da2f-bf2f-4d05-b52e-4ca63048c482|7da6e1a6ef92765e |0 |
8370a611-66d3-4344-9ea5-49038b393023|8cf35fa31175b6fc |0 |
21407336-fce2-4682-87b0-7cf3b40eacc0|1ecee8f8edb2c115 |0 |
179d5483-7c16-4b23-9c45-f21ffda44e02|98596348253824a6 |0 |
5343e411-8505-4be2-84fc-ef8b8a17bdde|017e3aaec39f8c92 |0 |
5b697ad8-0554-4d4c-b457-a58e375d4491|3f00cfdcda0c084d |0 |
f6a90fb6-3cf9-456c-a2f6-4a3a2c2f16a8|c1b2abf636f53bd5 |0 |
f9e8fb7f-a404-4867-af2f-a73f6f7ee981|6d7e787a1c498a2c |0 |
29aa4ec5-77f3-4b2e-a809-4e4d766b28fe|b9f576eafb395a86 |0 |
072a9c56-0c5f-4e46-92e9-b52a54d3813c|4a5804768d716b9a |0 |
ddfa88c6-2744-406e-9cc4-3eae41ba0f25|661df26c6607e230 |0 |
982f6909-c18f-4417-811b-33967e764d26|b59235b0d49ca7c6 |0 |
38b566bd-68c6-4946-9b84-a8ed7e17fc4c|db92be4f96625539 |0 |
19311323-8e47-4d34-a76b-5a8a0abbc1e2|3b2eea880058dc7c |0 |
d57fe2f8-4ce9-43cd-ba0a-1bf740f9dcb2|e7dcf67f89c16495 |0 |
c561def1-c752-4f58-97ad-1f11da8495a4|eb89b7c42badf370 |0 |
c82eb382-723f-48e0-adf4-83c3e2c36ebc|c638e1d82d2e3141 |0 |
7681124d-806c-44f3-837a-5e9d25c48fb1|b021065515ca61a5 |0 |
0dd2512a-898c-48a5-838c-1b92c9e26a0f|4069dc0560fbd354 |0 |
085578f8-3126-43c3-9640-53520278d27b|c73e0b5b1a294337 |0 |
f6d1ec8a-6f81-45fd-b6fb-367f1d9e8bf2|7cf77688f4861892 |0 |
d4ba9182-e7d8-46de-a09e-6d32a8da9630|2a1b74edef8db86f |0 |
1d30c04d-3935-4b26-9d9a-db92e9b5508c|1f584d9dee45f580 |0 |
c40bfa7b-9f1e-416d-8e94-ca35633cddae|12cac78c3a679bef |0 |
96597f18-d06d-48b5-8f10-fb3cf1d00ec7|a9e51d3ec5bb8da4 |0 |
f2cdf9fd-db07-4a07-bb90-65ecda0a23f1|b102fb03f1a9335b |0 |
5f358e64-883c-4ef4-87a8-510709726dff|6acb3408f330777f |0 |
ffdc9c1c-73e4-4450-9355-1ee910e40d54|c152090f25d1022d |0 |
b37824e5-1baf-47b6-84ac-c07defcfb5e4|659d6d6f6cd64457 |0 |
6aa4b063-ab1a-4bfa-bc45-966771d7c5fe|84bcbd3ff7ec314e |0 |
414376f6-9e2c-49da-909a-e1773052985e|1ca41ed135de9dcd |0 |
f2fb5735-d8ca-47d9-866f-9c00c11114a5|72be50b3493c346d |0 |
154d1e74-f555-4347-b755-82ad2e75e9a1|7efdcad51abc8430 |0 |
4019942f-29d1-489e-85cd-bd6bc5f4521b|0778eb657af7e945 |0 |
a14dcfef-17fd-4a3f-89f6-8a554a6a318f|a454d6e38e289eec |0 |
54e5a0fc-ccf3-4779-b7c8-54db86392f0e|45be6e85180364e1 |0 |
3ee87121-dd7f-4964-a1d8-1f306742cf1d|37a16cad1645040c |0 |
e7e4f848-dd91-4256-8306-8b27eddd39ba|b21b7fd4c500fd6e |0 |
68df1f4c-c1fe-41a7-80f7-2ec51547def6|a0395e0fd8831aa0 |0 |
02b8b8e6-d095-4311-8796-8d2b8a378543|81dd8b4d6d006bcb |0 |
f84dd711-d5ef-4ec3-918e-bc61d70f637d|6588cb6c5fc39286 |0 |
b18311df-df4c-4866-af11-8c0d42c0f7f5|903666505e7a3e9c |0 |
73539e94-df74-4bc3-bf6b-2c8148d029a4|4de680ebf36f7d8f |0 |
deff86d5-2255-4548-830d-7f14c924d187|2c77f1e17da47b3d |0 |
f059442e-af8c-4b10-930c-00ca22c32058|929ce1f198295221 |0 |
a066b6df-d5a6-453f-b41f-11fa3544fa27|5771725424838c19 |0 |
c6312464-d28f-4bf7-bad8-f66e3dab9ee7|307c6d08934d5267 |0 |
6e064311-b147-491c-865f-8ad99e71c5c5|09aac1845cbfe12c |0 |
fc970ed6-962d-40fb-a882-fd77c87cfdd8|663e2ef51782356e |0 |
c59eb725-fc6e-423e-9370-0021141b3fa3|52e3d57749f7926c |0 |
623f376f-97b1-40cb-b9e1-de023798cd17|105942cba7d8964a |0 |
e43172ae-f969-46d5-a297-dcdd8bc86ae0|613102a53ea7774c |0 |
86242bc8-8ac9-4da6-9074-07eb229bea79|1b8f03dab97b05be |0 |
603adf85-e822-42d8-9ba6-120af2fc66fe|9f7bfd324704ebaf |0 |
06643381-5113-49a7-9529-f901ffa1bd96|c64cdcae532990eb |0 |
51953861-ad67-4d80-bfd5-626f9d2be14f|32a397b23802e0a9 |0 |
408edd38-9ff0-4f66-a044-a0ae6d3a3ae4|6e3a941d66351cbe |0 |
488baad2-034f-4ed0-9b37-1ee51e55891e|5341f628617061a3 |0 |
205eeafe-3d1f-4cc1-b453-72826917a8d0|68b0ac56e925f23f |0 |
460b6c32-91a6-4ec5-90e1-be34ade08418|8df5c72c03250929 |0 |
afc21adf-0667-444f-ac09-2d72924b10d1|43d57e10380a5e8d |0 |
53a633e4-f0d6-41c1-becf-6f2b67297ddb|e3835f79928c6f2a |0 |
75e64c6a-fd6a-43a5-81f7-c26681cf1da5|7f5bcd4e00646ffa |0 |
6a46abfd-b52d-4b37-90ed-426e284a9425|211ef34e20b7d57e |0 |
9e921de6-8f5e-43ad-b350-cd6b10ee264d|6e16b1791d63b842 |0 |
8468122d-e382-482f-8cf9-4be7367c4544|7da410d3180ca554 |0 |
dac10d81-dcdb-4aaf-99fa-b40336f3850c|5cf5947ae61975ca |0 |
03af4311-9491-44e3-a521-2866bdc84a02|2b48821f2351b25e |0 |
f841a1d0-6af3-43fa-bbf7-31b47bba7f57|8def36735aac6f1c |0 |
a4e1433b-be24-4754-9b89-e2cc0ea95af0|00ae5a71cbdbc37a |0 |
f0b3cd6e-26c9-4872-9861-c1188010f6c1|836cbb7803b3fd00 |0 |
87bb6dc1-8d34-44ad-9c0a-59cec7391cdd|ac33997e659ca216 |0 |
7e7904f6-4cfe-4fea-a007-fbb570452575|d27b711d16ff0b25 |0 |
ec55d01b-4d24-4e82-9693-b8a16c02312e|4e0794f70bd9b08f |0 |
a2a7c6f7-b988-42a6-b2a0-170dd2902d85|4b6a10255cc3da92 |0 |
f1d16d02-9988-4968-8c40-723c9b2a4e49|39f020680200c643 |0 |
440f4aea-d4c0-4610-b5b8-566ee61ab0fc|f6fe562fb18a48ab |0 |
2239e143-d3e8-4ff5-8465-1fbfc3b6c127|9b412bec51c1bf10 |0 |
0946b866-0ed4-4bb0-92c2-97802a57568d|7be2b7b849182303 |0 |
1c34acc5-2ccd-4bcc-bc25-adf7d401bcbb|aafe45148f9c96cf |0 |
05cc0171-41f0-4bc4-b065-3c07d4ed4ea8|6ac0f5770bda9e32 |0 |
fcdcb4e7-0b22-4d0c-be10-050586b8e014|f7eb2136d2c7a904 |0 |
bd78e08a-a60f-490f-beea-5a47dba062b5|ffb4f615bd5c3067 |0 |
8b16b66f-d89c-43e0-a9ca-fd45f1804eae|d14330edb25d3239 |0 |
1058b5a5-ddf1-4676-9c89-acc9399aaf86|5c22eee0e949db2b |0 |
5d48c2d6-e15d-4f22-a289-a74093231ca1|300208c661b7629c |0 |
fca71cb3-4582-4b74-8779-62a1a2dd6859|a56e9acbef4522d0 |0 |
9de7403c-97d1-49f3-96b3-05bd499c0998|2ad66252356d1740 |0 |
0851a58d-0c2e-482c-865d-3af42d6cef80|05eb6a70c4f3b3c9 |0 |
4aeb89c8-94dd-416c-a90e-05a9533195ef|165aa933a667d792 |0 |
8cdbcf0a-fb0c-493a-bdd6-cc43ba62091d|5798d5d329a24282 |0 |
78a6e02f-6782-4b25-bdc5-cd3d6dd5b6de|8ba7bddab76d00f2 |0 |
3e6cbfc6-072e-4dd0-8c6d-0a4bdc33091d|47dd5d427433fd59 |0 |
52850634-96c0-4178-9318-71c7cb0788ad|9d1c4b265e06460e |0 |
5d370548-7365-411c-8385-19b951fbdac3|df9e092713ec7e7f |0 |
129c0f35-4715-455a-805f-e22d463de32e|cf299a3bf21a3c07 |0 |
7fe88cf2-5003-4aef-b18c-8ece422873b1|5c40ce585f1e4169 |0 |
314b0ee6-b376-4521-85e5-9e5dcf1b0a98|07a8902258c3aebc |0 |
e7097a9d-444b-4003-a4bc-2376e3633707|66917818acf2a6d2 |0 |
f6db9e13-b2a2-459b-8dbf-14d0c35bdf59|83e3b22b719d5f4e |0 |
98ac6d65-c813-4d36-8c62-56a27d3296ef|7f5c40068ada289d |0 |
6a9ec0b5-fdfa-45f8-8a4c-cc3deb992d5a|3eeb3e5137ba0b4e |0 |
5618c283-75c1-4e2b-baa7-3094ada982e6|71f11bcba590dd8d |0 |
ad8c2711-9c49-47f1-8d61-93c3874ab871|aecaa28282216b19 |0 |
b221583a-fb35-42c8-8383-ba8d05aa8b22|9df0a172190d9579 |0 |
ba7e07f5-09c3-477f-9f5a-7434fa92e914|b1e74181cb1f95e5 |0 |
2698baba-f296-471a-9875-502bd6b41ead|dbe444e606725ffb |0 |
ac6ef37f-1a1c-4285-b48c-924d3bc8fc9a|d6fdeb4d8b7b4cb5 |0 |
4a41f76e-6e6b-4f40-b484-801496274de9|21c030209b97c7af |0 |
13d88171-1c88-4f3d-a3b7-eb40cbf07dd1|b6fc736e55250a06 |0 |
285eb730-7830-4d42-b307-78e54ecee23f|eed27e2bdb31c9a2 |0 |
e6d44861-b53e-4195-ac47-766cdbe07e3b|dbe923e73e6ad9c3 |0 |
f604986d-fd70-42aa-9c56-dbcafa9e8ff6|153b6f8f18c99de4 |0 |
25f375d1-e2d8-455f-a60b-a44b22a5a029|5d59f0710f5f31b8 |0 |
fd8bffc2-41e8-428b-92f8-27a922470470|1249fb3b2342a6de |0 |
08afe0ce-8d7d-4158-94eb-15f7788f16e5|73a7a95ea3c6b794 |0 |
56fef144-b2bf-40d9-af0f-077b7336714a|111e53eec6a9b80f |0 |
df32dbce-5818-44c9-a26b-ddacea811113|9e83b9a83aed15c0 |0 |
1cc55bad-31d0-41ea-9b07-8c67c3372c85|4558394b53bf6e05 |0 |
d781aa50-1249-4794-836a-10c9316c2083|2a4efac3cc4ca9fd |0 |
fb6d34f9-8655-430a-93ef-92f3a4590fd9|3e8e45ebe608c3e5 |0 |
907a41c1-8069-4476-bfdf-ece4f8bfba9d|8ff9247b4e0cce0c |0 |
8cf42874-dd02-4c3d-9eb1-1633e77d4656|10c01968dd995b5c |0 |
13f89952-3cec-462c-963c-cee5d56253b1|1834431c72002851 |0 |
f74b7393-215a-4156-ada6-85d30f32a603|53371338ca637bb6 |0 |
3a8b0c65-113d-4a7a-9190-31aa065731a0|a438e2253fd1bcd0 |0 |
6bdcf971-1179-46c8-8cae-1ec571d0e73a|d3092f994eca1b94 |0 |
bafacb43-d683-4934-bfbe-7b95623f97aa|ba4738ca47127ff3 |0 |
f522e8ea-8f54-479c-950e-8b8ae0ba30b1|e034af69eadcdd37 |0 |
4b2c64b8-aea5-41de-8c19-1c562f86cb8b|fb8c83ec0cffd48f |0 |
1b0c4fcf-1269-4559-b1ce-0d5b96db8962|6310e5e1f3ca23c2 |0 |
a4b4ec83-ecca-4723-b98a-7d97b77a47bc|f4dfce6dec586191 |0 |
54e790d9-fb9f-4bcd-9d53-cc86cd2a9ddf|cfe1388a89e7f073 |0 |
292c159a-ea27-4c08-a091-9b58416f7760|68e279150ba0acde |0 |
5cc1d10e-2da4-4ffc-9c55-613ad86d4dc8|002c19af5583b2e6 |0 |
e7712b1a-879c-451e-bffa-eac6f6c48934|763e7d94c05c1721 |0 |
17162f42-0586-4ee6-8f35-4757da18a6f2|a550ac065ebb5ddd |0 |
9779cb5b-bace-4954-8e4a-29829b9a7abc|c2420017e88baeef |0 |
7a8e70c6-2b10-4315-b6d4-a4790ac9fa51|f8bfaf79eb8377ec |0 |
43a65319-7c1f-41ca-b216-3b9624a92b86|545e396be6c03dd3 |0 |
ca9b5d20-8770-43e2-ac48-6d95854bda48|d9e1781b21f7374b |0 |
89a8afb7-8744-455f-86c6-6c22f375fd84|8a7815bd44ef79fb |0 |
81eb125d-f5c5-40de-b50d-48aee529768a|e2131c708ca1ad90 |0 |
d26158c5-433f-462b-a8af-8836c91c9a8d|e8d61a7ebd31841 |0 |
8b0ce0e8-7f5a-42a3-aaa5-80c5c2e76f64|afed0ffe1524fc06 |0 |
6b3409c7-6c2c-46bb-80b1-4ccf0a22b49d|21921e62052a67ba |0 |
3fef524a-a5d5-45e0-9ba8-1eed9deacb95|2b3e70eef1cf14a7 |0 |
10b2755d-4961-49b4-8bc9-02ecdd72a78a|dfcd582c0f4d28bd |0 |
bd156d11-0288-4037-9677-822853338789|5d51f67d10dab71d |0 |
e1aeab9a-ab95-48e5-af7b-b90f78a22c06|676591391e8c6fcd |0 |
6e9accd5-d379-4ee8-8c58-eb962324085f|299440182b8f6318 |0 |
02734204-d1b2-4a73-a756-2cacb700a9a0|4c59278a5fb93bdf |0 |
3b4eb1fa-6781-4b55-be32-d3e431b5fa48|ccb3066dfe489ee7 |0 |
486cfe52-1974-41ec-a67f-aa10f39e67ed|f23caca19d4db007 |0 |
6076aed6-58fb-48cd-9fb4-d24a6a678981|5e2cabb38443fe7c |0 |
0ed3da25-4d69-4fa7-aa2b-eee93c2dd88e|037959e9230d622e |0 |
045f61c5-56d4-434d-a691-544c6e6e8dfe|fa7ae7a78d2ecbe1 |0 |
fdb0ad34-b1e7-4bca-8f9b-058f82a77106|fb04bb1df5a36c73 |0 |
c8d06b2e-81f2-44c2-91d0-873e95455965|08200768ce6766ae |0 |
931b49bb-ab9e-4ebc-8905-0b5f14869525|c2b0d9b89da0babc |0 |
7922c054-2eb4-4697-84aa-a6f8fe4ef65c|106fd1e821612811 |0 |
8013184e-e2b2-47ba-99ba-08174896a9f7|167b15bff05c7bc6 |0 |
b8c156eb-5d36-487d-b376-95230a2b5950|27701923f787908c |0 |
46e561f7-81ab-42cd-ac1e-c675c0adf7f7|dfff84ea2e04f764 |0 |
1bd44bb2-8c60-4824-ac5b-eb94ccb1bf29|afc4f75e18b354bb |0 |
7c4cb8fe-4548-48d2-b914-5fd44ed477b3|38bffc9fd8f71947 |0 |
b97e187d-c6d8-4bee-95aa-86295c8e9a17|d5bbbe19a4cd78c7 |0 |
2827cb66-bbcc-4f13-8dde-c8e2e41bd11a|ceed2b24450f1488 |0 |
71a1db26-aa04-4885-b9cc-bc55d276a81b|40b52a212ed81820 |0 |
7baa0cc9-8a86-4bc2-b291-0447aadcfbf2|d48102ea3c320cf9 |0 |
c2aa4274-f14f-42c7-9885-6f5585c5f3f6|ace16ed393fb2707 |0 |
c6766c66-e2fd-4ae9-ae61-653c17f993e5|2256a352de51259a |0 |
a76a3d2a-6bed-4899-8508-f8989c627c13|4dc06c687a9f09cd |0 |
54e210d8-5e73-49f9-a1c6-90344c66d2f4|4e5095801104cd0e |0 |
cfd5a058-f3d1-46d2-b647-0e6df8e79ba1|840ba589af620e94 |0 |
a5687606-dbb8-4a03-93c6-726ec609d069|720c56ba5137156d |0 |
a1e5f18f-5d61-4744-9be1-00df8b50ca3b|33489ac5da6249ee |0 |
ce709303-5655-4e45-98c6-e039641d40d1|d92b95d38ed1bced |0 |
21dd0758-b9af-4139-a3e8-9e07be24b6bb|c763c7a34ec2e4d1 |0 |
4e92f394-1eca-4ad7-9bc5-7ba7226dc362|c96e9e1742da3b8a |0 |
e782364c-7157-42c0-acce-531067b9418d|484caa56360007df |0 |
d79fde96-2f27-434b-9774-c323da2401ca|85aba89dc4941268 |0 |
ef49f4d3-110c-4fd7-a253-4f1373e5766b|aad3629452db5cb5 |0 |
7b6bb8ac-5ce0-471e-922e-5085a90f8961|5b30f3914ae0b7bf |0 |
d555522a-1549-4b4a-88cb-20bde4548e61|0dc6ea8a4c14096b |0 |
8caf76a8-2003-464c-85f7-84d7c6492ff9|8b1ec4290c580f85 |0 |
9c02cb2e-c50e-4873-bfa9-f078716c9752|0b2c7bb1a86ade54 |0 |
6a0c6446-391c-41d9-a7e2-318982caf315|c1f92055dacf3129 |0 |
d07ea323-4b92-486d-a48a-f870c8a51a85|40f45dbadf75fa70 |0 |
51cf648f-c535-42f8-9f4b-83248097e84d|d8ee36a2e03b086c |0 |
33ecb964-940e-47fd-86f0-70c4f6ed0163|de2425453f9fa390 |0 |
e442bfdf-a5bb-48e4-8b52-949934ff3571|bf0cf9afccc76d2c |0 |
3e87a29c-2f7f-4269-9a32-906fe7509333|ee5f3c8b2d5a76f9 |0 |
6b55320e-43e6-4f55-a210-5996bb3dce6b|c97e6c7b5a6285bb |0 |
717f89e9-18ca-49e9-96cf-377b9263846a|e241275f275acec1 |0 |
5865fdd0-e5b2-47fe-8a4d-618bc534b5f1|1dbc82fc25910f8c |0 |
b1865eef-7f20-42f1-91ac-8fd39fdac92c|32ea9340b4b33f1d |0 |
335187e8-35b2-4fc3-bfe3-c0aa158f3d15|30afc25eb6c0de0a |0 |
d62262a9-e286-4427-b3a5-0c3bb2586c73|681358bdbe625536 |0 |
f0eb450e-42f4-4933-9aa5-6f4ec8c3af75|5b50cf6caa31962e |0 |
098720d2-25b1-416f-a74e-fdc6ce5b078f|29aebae48d5b4aa4 |0 |
4c01cf60-ec83-4d2f-b952-f3755307f3bc|b25741b3791cbabe |0 |
05975384-47f4-410c-8678-73d67621c9db|425390b9d45e4340 |0 |
cc11ab6d-45bd-45d6-8730-42b0f2caed00|96db1eac84eec636 |0 |
3dcfa952-3d1d-4d89-9b51-62a9cd87771a|89ea2777121f9d4e |0 |
7015fb75-8ed7-42fb-94d0-049978b315a7|7c229f3d3be957e4 |0 |
539b3b1e-5f37-4837-9b2a-30a1d65c6d9f|33d12bead661afed |0 |
7b9af756-d1db-4b92-ad59-57bc5a0ca502|cd297a4a405b4d9e |0 |
2f87d4ca-1ded-4ed0-8c1f-89dfea0ce694|9dc712d6cf33ed9b |0 |
dd80abbc-1795-4ed1-b97a-2f6288443f66|5ab25500d1cdbfc8 |0 |
a01c530b-8c14-4b79-8987-ae2c2fd30aef|6b91f0e267499e01 |0 |
af46e4a0-de0f-4fad-943e-71fe25d2257d|cc67fd301e2fa333 |0 |
d5b0cbe8-6df1-400b-b8b5-b0b52afbb1b6|336330e13bf0ef6d |0 |
fe42c70f-0a56-4f65-9c0a-c95d79526ab0|0b601c7361e730c7 |0 |
fffd3b38-c6d2-40fd-b5e4-b2b5c90934ed|510e4eda3af24c9d |0 |
765a9e7a-febd-40c0-9b1e-4303e60a1eef|5c3c6e52da882c90 |0 |
763dcd82-084c-42c7-b25a-f71a864cf223|804658f02d8bc536 |0 |
3e5077f7-c2ca-467a-9874-0309da21ea62|928d80b51d1c8937 |0 |
f5b12794-6950-49eb-a634-ab1890c95fdb|b685e575b668d877 |0 |
c37f4039-51a8-4b09-aa84-291e2653f660|e0b19927fff2149d |0 |
073287e7-df20-48b4-a909-03649019c3fc|c7ba3decd8043d6c |0 |
806b8305-f2b5-4c69-b8f7-f83aa35d6423|cc215c601c985acc |0 |
79fdbbc1-3209-4884-86ec-f7890a7a97d1|91a348574fdf4076 |0 |
3a07d989-2ac9-4a68-b35a-e9c462f0994b|04b0a69c9d3183a5 |0 |
8ac8503b-82d8-4e85-af5b-5f158d005892|a4281dd94e0250aa |0 |
c3bcb3dd-dc46-4beb-89f5-06236730da29|8beae1b3a85d3fa5 |0 |
f3458b4b-ff83-4886-8272-8d9db85925db|0013cec71cde2e14 |0 |
939cb2e4-4038-4cf5-9ad0-cc97d43647b8|a1f800a63d159809 |0 |
b81f032f-e031-4a70-ae26-d813d2ff2e85|a59e511eecf3e30d |0 |
ef4bf2b0-7fa4-4944-b4b2-93d571e95e01|743f88ded60935f2 |0 |
67fc212d-f365-4bb7-894a-ffe6c0b084ab|aa6061f6611df224 |0 |
52ae9672-a6ce-4b29-9381-364ba82b0ff9|b8b79d41d9cbddaa |0 |
dced410b-af84-4b73-8742-56645fd44b06|8bf6cf0796cd4206 |0 |
70ae8971-7125-4f76-99d0-b777432a91b0|3b3042da14c59a8d |0 |
3608dc78-f76a-4e67-bb91-3715274fa3e0|6dc3923c9be5741e |0 |
018ee7b4-0ebf-4ef0-ac6d-a9c9e76627c0|b4622600c0c7bf8b |0 |
31974ce6-fd04-447b-8a3a-4d6532c453d9|04f402b361bf420c |0 |
02e6201f-5ff9-486b-b31b-8cda3a11e298|5432d1781f8a96e4 |0 |
76a6a8f5-a6d5-4a7d-ae49-8fcbd8362ed1|e2e077eea78c9738 |0 |
1d414607-5e26-4819-abc9-70e2299d5871|e6fedccc9e1f16cc |0 |
42d45a0e-a803-45d8-a1ec-1aa550186997|526d5b6293c50c5d |0 |
e8eb714c-d694-4ee8-b432-0e73a8d5ea0f|348916fb12e5baad |0 |
095bcddb-d262-448b-a5cf-39d66a7b88e2|94848d491c00dd92 |0 |
5ce182d3-bbd0-4e64-ac5b-ca5cd5056fb7|e6f5b6ff8d404f92 |0 |
067a587d-c754-4005-a130-5b36a363bdac|6f6d24f8fda8429b |0 |
67df676a-29b6-486f-9740-ab08975a90dc|d1832b9f6c51477d |0 |
c6f54b02-120e-4454-b8e5-969f0d719d29|78efd2d5a7b2116c |0 |
7f24e117-09ca-43cc-88c4-3b747842d78a|df931811ca1ebc0e |0 |
74ff8add-e66d-44df-bd37-4253d33fffef|45ac4a77596b7a4b |0 |
ee99f4ba-4ef3-4100-9e6d-923525e11711|d09db1fb0f113008 |0 |
65e575bd-7f55-4b8f-94ab-e1a7a8d9c34f|9b380cde74da6bc6 |0 |
2317e436-fbb4-469a-bba3-2f364a08ada6|2e5eb67dd15b18dc |0 |
d942f947-02fb-4c7a-9027-d4b10ffebd2a|bcba917408bbf181 |0 |
9490d52e-6f5d-44d5-ae4f-8c5684dbf298|66ff86bf7262a95e |0 |
a54e08c0-7e6f-420e-b11e-ca36523c6baa|f3cc26235d951a5d |0 |
0197707b-5a31-4d78-9a91-dd609e42dd61|ab2a4ef9df5dd38b |0 |
18593764-2bad-4ac9-a4f9-d2ce081819fc|acf43952b1364cfd |0 |
109c8850-ef19-4d19-b589-87b946485946|67fb9dd323a72b82 |0 |
85882c95-39c7-426e-80b3-5221ca70be0b|f955337ed5dcdb08 |0 |
a9df4200-b144-4cbe-929a-65d74dd9f616|b9547b5b54ea610e |0 |
f4ce5569-cdef-47b9-95eb-1aae7fdf296a|708759423433e37b |0 |
2a48de68-e93d-45c7-a47f-11b96450c989|b27a2f5130e8e0b7 |0 |
658711f4-40d3-44f1-9160-8248753aa4e9|4447bc97a34bd059 |0 |
8e1526e0-2760-426f-8b79-dfe5041d9975|c798bd99dc81c59c |0 |
5950c4a2-7d01-43a4-a3cd-38217bf5dd4f|203f652c9e568873 |0 |
36a07b14-0b7a-4693-868c-4f0cedfb4429|f3c55a07173be8df |0 |
d477434c-ac6e-4ea3-b441-f8ae5321ec71|6c81edca618869ed |0 |
da3341b4-9913-4e0e-9c05-26a6a8fe7abf|7a105d0ad57a2664 |0 |
466fdab6-af00-4e57-a8dc-919421dff53f|5dcdadb6eca64f17 |0 |
00bb69b5-a997-4604-bad3-b9f1495819db|9df6bcaef36f4d6e |0 |
8cf54eda-3487-4312-ab9e-218fa768defe|640ef11c241687af |0 |
afa9baac-908c-4ff9-803e-33c84d92d039|b865c0eb7ac06b94 |0 |
703893dc-5f35-4bcd-9653-9a3aec5e94f7|4c7494fc64e4209e |0 |
be06b54c-4202-4080-a6a8-d401d5135f18|478d6bdd8a2f5af9 |0 |
48fe797f-9d6c-4504-9981-e9dcf0bc2276|9b60d8bd9ec3eb60 |0 |
8bbebdd9-f28d-4ebd-bef5-66e0dc0ad286|2e14cce972c8c824 |0 |
518eae10-23c3-47a4-9a8d-fdd89430438f|24cc9ed8bcbb308b |0 |
049f3d52-00a4-4a9f-84ac-2ce5e204861d|b2c678f71221bab2 |0 |
183694af-a8e6-402b-9a6b-617b81be5539|bbe0153076c772c1 |0 |
4f88973a-6478-4821-91f8-ce136d1d7b56|6e8a1c797fb985b1 |0 |
9997b520-f582-45e7-95ac-ad751108da9f|91c53c8dee8b6d45 |0 |
6ce34f70-a9dc-40a2-a042-370f05090667|d66c197094bab15c |0 |
18a5ed75-f577-481b-9b71-2a3eb28bc886|31fa2ed17c043ec4 |0 |
13a8d78b-479b-4afc-9da3-44ccf5f7a2ab|55e95669f2b354e3 |0 |
46144479-4ab7-4433-b891-3d7de479a2b6|417b48bb1b660dec |0 |
82a1f864-34d1-42d8-811d-498b220eb02a|a21cdebc8ed75483 |0 |
2bec7cd9-2a59-49bf-baa5-870e6543fc8a|185f87d1aa1d3bde |0 |
08d5ff1f-1194-4e36-8c5a-f52c10262c97|8818719dbb1dfad |0 |
6f921104-942b-45bb-866a-0c256f9e63cf|91670f34b608a088 |0 |
c2cce681-7ac9-4f8e-9126-7c2d2cffacd9|0a69b2e60e7261c4 |0 |
32d0e34f-7a26-4c77-a1b4-acba93b272d4|718b70a75fa08d16 |0 |
47b27cdb-eb9f-4506-9e65-cfd2882073d6|7c4d2e47d5621345 |0 |
3d1c0b88-4659-47c0-a183-62c80865bfca|c84db078753f9b8d |0 |
c789b64b-d60c-4795-ad96-db6bbd6b6ab0|942193f69cd761f9 |0 |
a886e462-8544-424f-8086-f118aec51bd2|cfb93c9ef0c452e2 |0 |
c828d0ae-5513-43b1-9626-f11e7aa09c20|418342237c7b78ad |0 |
3c047103-e720-4605-ba17-241b9bfbfca0|c44da5504fc6b39d |0 |
805b3847-588b-4e02-95e0-2183108e7806|aef2e3b001c172df |0 |
75bcf191-93c5-4927-af51-6953f5fec2d2|3040aad0120e587e |0 |
0aca33b4-5166-4280-bc4f-4ad0f4b2c23e|c13a5e13337f5f10 |0 |
db0868e4-a870-4008-9232-ca177b3e7b8a|e2bc9e0cbca228be |0 |
3dc1a7b7-a4ab-4bdc-bec0-6907672ffa69|2588a6b4a3bfb0d6 |0 |
9ab1dbce-d50f-4c3c-9c0c-05df98078799|7d28e7145333598a |0 |
82db9834-7762-4408-b035-ae2a78258cd9|c12ad0f555e1c449 |0 |
a6cc0d78-ee28-40cb-9fa0-840e873695bb|d6fd26bfb2a1e6d4 |0 |
42530045-8472-4ccb-85d6-863f08c122b9|272020e27a11cec |0 |
b100b727-5fe1-4ee9-bd5d-9f2235314df3|e8a7a30fa03ec9cc |0 |
e9916a77-b27d-4077-8bc6-5cb6c694f33b|b09f326575cff609 |0 |
e2a7959c-e18a-452d-b4ad-c763786c977e|ba5f8b465d6d95e6 |0 |
dc0f4553-6807-44d2-a819-fcda168df43e|2bfbb1b978552aa |0 |
b675a286-7d12-4f26-bd77-eb6c131f5224|5178d315f9617da3 |0 |
ce40b530-1674-452e-a293-1f0ed3b301ff|1a172f5f1071e186 |0 |
b5c609bd-6cad-451b-8429-aa395cbc1428|b233bcfb01c7a1d2 |0 |
d86d18bb-3388-4c99-9d67-6a96c4407ba1|c01f45eff8573e3b |0 |
e53d73c6-ec47-4836-b93a-00c72aafce7e|e4bbed3aa04a1dd0 |0 |
e580854a-5aa2-4b2a-b321-97376bdc8bd8|4983f7bfa36533e4 |0 |
b49004c4-4f19-4d93-b01a-d161e378c618|d0c47357fbb1e618 |0 |
a31df588-619a-4da3-b27a-da67ff183bed|27a0338e6afa698e |0 |
d7bd2611-8b92-4d9b-85b0-7dc2cbbafdf7|2092f7af8ba5c567 |0 |
15514e43-ce18-440b-9144-74ef4a30538d|bd72141db110d662 |0 |
e8d9ab31-106f-4dd7-b933-879afebe7bac|fa5433b7ab7c4a07 |0 |
18823f88-4459-4dd9-b115-4be36f2f00a0|34947fa6bab1473a |0 |
0e71c497-95a9-4d1b-bd6d-bf3636a50d0e|8b147019f7bd4556 |0 |
0324ca16-735d-4d8e-94e9-066b870e3fcd|37ad07f6b2436034 |0 |
6b39c397-1b5b-40e4-9334-0740917d62ef|0646fd4255de7e24 |0 |
72a0675f-d98d-4d36-8949-ba4451003fc9|508b4d7b5ca542b2 |0 |
6fdb6c90-00d8-41ea-8cec-0faf8d125bb8|2e4db844a83554e1 |0 |
a064d154-6ebd-4090-b737-c64ef6692025|f75f6bde200d663c |0 |
3a97b486-0a2e-4911-bc41-bd730f5b415d|4434b91b39418450 |0 |
de02604e-2852-452e-8640-c209cdffd45b|b92968d8c3ea5aac |0 |
f0237571-55fb-4b2d-b6cd-49e4b1fb3759|594aca66bb25a5ab |0 |
